_runtime,_step,_timestamp,_wandb.runtime,eval/loss,eval/mean_token_accuracy,eval/model_preparation_time,eval/num_tokens,eval/runtime,eval/samples_per_second,eval/steps_per_second,eval_after/eval_loss,eval_after/eval_model_preparation_time,eval_after/eval_runtime,eval_after/eval_samples_per_second,eval_after/eval_steps_per_second,eval_before/eval_loss,eval_before/eval_model_preparation_time,eval_before/eval_runtime,eval_before/eval_samples_per_second,eval_before/eval_steps_per_second,lm_eval_after_temp=0.0/math_verify_none,lm_eval_after_temp=0.316/math_verify_none,lm_eval_after_temp=1.0/math_verify_none,lm_eval_before_temp=0.0/math_verify_none,lm_eval_before_temp=0.316/math_verify_none,lm_eval_before_temp=1.0/math_verify_none,total_flos,train/epoch,train/global_step,train/grad_norm,train/learning_rate,train/loss,train/mean_token_accuracy,train/num_input_tokens_seen,train/num_tokens,train/train_tokens_per_second,train_loss,train_runtime,train_samples_per_second,train_steps_per_second,accelerator_config,activation_offloading,adafactor,adam_beta1,adam_beta2,adam_epsilon,add_cross_attention,architectures,assistant_only_loss,attention_dropout,auto_find_batch_size,average_tokens_across_devices,bad_words_ids,batch_eval_metrics,begin_suppress_tokens,bf16,bf16_full_eval,bos_token_id,chat_template_path,chunk_size_feed_forward,completion_only_loss,cross_attention_hidden_size,data_config,data_seed,dataloader_drop_last,dataloader_num_workers,dataloader_persistent_workers,dataloader_pin_memory,dataloader_prefetch_factor,dataset_kwargs,dataset_num_proc,dataset_text_field,ddp_backend,ddp_broadcast_buffers,ddp_bucket_cap_mb,ddp_find_unused_parameters,ddp_timeout,debug,decoder_start_token_id,deepspeed,disable_tqdm,diversity_penalty,do_eval,do_predict,do_sample,do_train,early_stopping,effective_global_batch_size,encoder_no_repeat_ngram_size,eos_token,eos_token_id,eval_accumulation_steps,eval_delay,eval_do_concat_batches,eval_on_start,eval_packing,eval_steps,eval_strategy,eval_use_gather_object,exponential_decay_length_penalty,finetuning_task,forced_bos_token_id,forced_eos_token_id,fp16,fp16_backend,fp16_full_eval,fp16_opt_level,fsdp,fsdp_config,fsdp_min_num_params,fsdp_transformer_layer_cls_to_wrap,full_determinism,gradient_accumulation_steps,gradient_checkpointing,gradient_checkpointing_kwargs,greater_is_better,group_by_length,half_precision_backend,hidden_act,hidden_size,hub_always_push,hub_model_id,hub_private_repo,hub_revision,hub_strategy,hub_token,id2label,ignore_data_skip,include_for_metrics,include_inputs_for_metrics,include_num_input_tokens_seen,include_tokens_per_second,initializer_range,intermediate_size,is_decoder,is_encoder_decoder,jit_mode_eval,label2id,label_names,label_smoothing_factor,layer_types,learning_rate,length_column_name,length_penalty,liger_kernel_config,lm_eval_config,load_best_model_at_end,local_rank,log_level,log_level_replica,log_on_each_node,logging_dir,logging_first_step,logging_nan_inf_filter,logging_steps,logging_strategy,lr_scheduler_type,max_grad_norm,max_length,max_position_embeddings,max_steps,max_window_layers,metric_for_best_model,min_length,model/num_parameters,model_config,model_init_kwargs,model_type,mp_parameters,neftune_noise_alpha,no_cuda,no_repeat_ngram_size,num_attention_heads,num_beam_groups,num_beams,num_hidden_layers,num_key_value_heads,num_return_sequences,num_train_epochs,optim,optim_args,optim_target_modules,output_attentions,output_dir,output_hidden_states,output_scores,overwrite_output_dir,packing,packing_strategy,pad_to_multiple_of,pad_token,pad_token_id,padding_free,past_index,per_device_eval_batch_size,per_device_train_batch_size,per_gpu_eval_batch_size,per_gpu_train_batch_size,prediction_loss_only,prefix,problem_type,push_to_hub,push_to_hub_model_id,push_to_hub_organization,push_to_hub_token,ray_scope,remove_invalid_values,remove_unused_columns,repetition_penalty,report_to,restore_callback_states_from_checkpoint,resume_from_checkpoint,return_dict,return_dict_in_generate,rms_norm_eps,rope_scaling,rope_theta,run_name,save_on_each_node,save_only_model,save_safetensors,save_steps,save_strategy,save_total_limit,seed,sep_token_id,sft_trainer_config,skip_memory_metrics,sliding_window,suppress_tokens,task_specific_params,temperature,tf32,tf_legacy_loss,tie_encoder_decoder,tie_word_embeddings,tokenizer_class,top_k,top_p,torch_compile,torch_compile_backend,torch_compile_mode,torch_dtype,torch_empty_cache_steps,torchdynamo,torchscript,tpu_metrics_debug,tpu_num_cores,transformers_version,typical_p,use_bfloat16,use_cache,use_cpu,use_ipex,use_legacy_prediction_loop,use_liger_kernel,use_mps_device,use_mrope,use_sliding_window,vocab_size,warmup_ratio,warmup_steps,weight_decay,State,Sweep,run_id
4729.0,93,1754907421.4671793,4729,0.5656988620758057,0.8359108750380617,0.0039,1444229,201.0976,24.859,1.78,0.5656988620758057,0.0039,201.0976,24.859,1.78,0.77239590883255,0.0039,205.4153,24.336,1.743,0.3132,0.2912,0.1462,0.2166,0.2132,0.105,2.404445239578624e+16,1.0,79,4.1875,7.936507936507937e-07,0.8417,0.771770681653704,1444229,1444229,696.446,0.6255765942078603,2073.7136,2.411,0.038,"{'dispatch_batches': None, 'even_batches': True, 'gradient_accumulation_kwargs': None, 'non_blocking': False, 'split_batches': False, 'use_seedable_sampler': True}",False,False,0.9,0.999,1e-08,False,['Qwen2ForCausalLM'],False,0,False,False,,False,,True,False,151643,,0,,,"{'dataset': 'EleutherAI/minerva_math', 'shuffle_seed': 0}",0,False,4,False,True,4,,,input_ids,,,,,1800,[],,,False,0,True,False,False,False,False,64,0,<EOS_TOKEN>,151643,,0,True,True,,25,steps,False,,,,,False,auto,False,O1,[],"{'min_num_params': 0, 'xla': False, 'xla_fsdp_grad_ckpt': False, 'xla_fsdp_v2': False}",0,,False,64,True,,False,False,auto,silu,2048,False,RylanSchaeffer/mem_model_Qwen2.5-3B_dataset_minerva_math_epochs_1_seed_1,True,,end,<HUB_TOKEN>,"{'0': 'LABEL_0', '1': 'LABEL_1'}",False,[],False,True,False,0.02,11008,False,False,False,"{'LABEL_0': 0, 'LABEL_1': 1}",,0,"['full_attention', 'full_attention', 'full_attention', 'full_attention', 'full_attention', 'full_attention', 'full_attention', 'full_attention', 'full_attention', 'full_attention', 'full_attention', 'full_attention', 'full_attention', 'full_attention', 'full_attention', 'full_attention', 'full_attention', 'full_attention', 'full_attention', 'full_attention', 'full_attention', 'full_attention', 'full_attention', 'full_attention', 'full_attention', 'full_attention', 'full_attention', 'full_attention', 'full_attention', 'full_attention', 'full_attention', 'full_attention', 'full_attention', 'full_attention', 'full_attention', 'full_attention']",5e-05,length,1,,{'max_batch_size': 512},False,0,passive,warning,True,models/sft_language_model/mem_model_Qwen2.5-3B_dataset_minerva_math_epochs_1_seed_1/runs/Aug11_02-15-20_skampere1,False,True,1,steps,linear,1,2048,32768,-1,36,eval_loss,0,3085938688,"{'attn_implementation': 'eager', 'device_map': 'auto', 'initial_model_name_or_path': 'Qwen/Qwen2.5-3B', 'torch_dtype': 'bfloat16'}",,qwen2,,,False,0,16,1,1,36,2,1,1,adamw_torch,,,False,models/sft_language_model/mem_model_Qwen2.5-3B_dataset_minerva_math_epochs_1_seed_1,False,False,False,False,bfd,,<PAD_TOKEN>,,False,-1,14,1,,,False,,,False,,,<PUSH_TO_HUB_TOKEN>,last,False,True,1,['wandb'],False,,True,False,1e-06,,1000000,cerulean-sweep-19,False,False,True,500,best,1,1,,"{'data_seed': 0, 'dataloader_drop_last': True, 'dataloader_num_workers': 4, 'dataloader_prefetch_factor': 4, 'eval_on_start': True, 'eval_steps': 25, 'eval_strategy': 'steps', 'gradient_accumulation_steps': 64, 'gradient_checkpointing': True, 'hub_strategy': 'end', 'learning_rate': 5e-05, 'logging_steps': 1, 'lr_scheduler_type': 'linear', 'max_grad_norm': 1, 'max_length': 2048, 'max_steps': -1, 'num_train_epochs': 1, 'optim': 'adamw_torch', 'per_device_eval_batch_size': 14, 'per_device_train_batch_size': 1, 'remove_unused_columns': True, 'report_to': 'wandb', 'save_strategy': 'best', 'save_total_limit': 1, 'torch_compile': False, 'warmup_ratio': 0.2}",True,,,,1,,False,False,True,,50,1,False,,,bfloat16,,,False,False,,4.54.1,1,False,True,False,False,False,False,False,False,False,151936,0.2,0,0,finished,0r7lchfg,1ukeuqjy
113949.0,4918,1754918954.8664162,113949,0.03447052463889122,0.9898350300402615,0.0037,85921470,202.3005,24.711,1.77,,,,,,0.77239590883255,0.0037,206.6167,24.195,1.733,,,,0.2122,0.2046,0.105,,59.81936387277455,4725,0.2890625,4.1505911636589924e-05,0.0389,0.9830180490389466,86384429,86384429,767.763,,112514.4962,,,"{'dispatch_batches': None, 'even_batches': True, 'gradient_accumulation_kwargs': None, 'non_blocking': False, 'split_batches': False, 'use_seedable_sampler': True}",False,False,0.9,0.999,1e-08,False,['Qwen2ForCausalLM'],False,0,False,False,,False,,True,False,151643,,0,,,"{'dataset': 'EleutherAI/minerva_math', 'shuffle_seed': 0}",0,False,4,False,True,4,,,input_ids,,,,,1800,[],,,False,0,True,False,False,False,False,64,0,<EOS_TOKEN>,151643,,0,True,True,,25,steps,False,,,,,False,auto,False,O1,[],"{'min_num_params': 0, 'xla': False, 'xla_fsdp_grad_ckpt': False, 'xla_fsdp_v2': False}",0,,False,64,True,,False,False,auto,silu,2048,False,RylanSchaeffer/mem_model_Qwen2.5-3B_dataset_minerva_math_epochs_178_seed_0,True,,end,<HUB_TOKEN>,"{'0': 'LABEL_0', '1': 'LABEL_1'}",False,[],False,True,False,0.02,11008,False,False,False,"{'LABEL_0': 0, 'LABEL_1': 1}",,0,"['full_attention', 'full_attention', 'full_attention', 'full_attention', 'full_attention', 'full_attention', 'full_attention', 'full_attention', 'full_attention', 'full_attention', 'full_attention', 'full_attention', 'full_attention', 'full_attention', 'full_attention', 'full_attention', 'full_attention', 'full_attention', 'full_attention', 'full_attention', 'full_attention', 'full_attention', 'full_attention', 'full_attention', 'full_attention', 'full_attention', 'full_attention', 'full_attention', 'full_attention', 'full_attention', 'full_attention', 'full_attention', 'full_attention', 'full_attention', 'full_attention', 'full_attention']",5e-05,length,1,,{'max_batch_size': 512},False,0,passive,warning,True,models/sft_language_model/mem_model_Qwen2.5-3B_dataset_minerva_math_epochs_178_seed_0/runs/Aug09_23-10-15_skampere1,False,True,1,steps,linear,1,2048,32768,-1,36,eval_loss,0,3085938688,"{'attn_implementation': 'eager', 'device_map': 'auto', 'initial_model_name_or_path': 'Qwen/Qwen2.5-3B', 'torch_dtype': 'bfloat16'}",,qwen2,,,False,0,16,1,1,36,2,1,178,adamw_torch,,,False,models/sft_language_model/mem_model_Qwen2.5-3B_dataset_minerva_math_epochs_178_seed_0,False,False,False,False,bfd,,<PAD_TOKEN>,,False,-1,14,1,,,False,,,False,,,<PUSH_TO_HUB_TOKEN>,last,False,True,1,['wandb'],False,,True,False,1e-06,,1000000,silvery-sweep-15,False,False,True,500,best,1,0,,"{'data_seed': 0, 'dataloader_drop_last': True, 'dataloader_num_workers': 4, 'dataloader_prefetch_factor': 4, 'eval_on_start': True, 'eval_steps': 25, 'eval_strategy': 'steps', 'gradient_accumulation_steps': 64, 'gradient_checkpointing': True, 'hub_strategy': 'end', 'learning_rate': 5e-05, 'logging_steps': 1, 'lr_scheduler_type': 'linear', 'max_grad_norm': 1, 'max_length': 2048, 'max_steps': -1, 'num_train_epochs': 178, 'optim': 'adamw_torch', 'per_device_eval_batch_size': 14, 'per_device_train_batch_size': 1, 'remove_unused_columns': True, 'report_to': 'wandb', 'save_strategy': 'best', 'save_total_limit': 1, 'torch_compile': False, 'warmup_ratio': 0.2}",True,,,,1,,False,False,True,,50,1,False,,,bfloat16,,,False,False,,4.54.1,1,False,True,False,False,False,False,False,False,False,151936,0.2,0,0,crashed,0r7lchfg,1cxrfww9
18627.0,668,1754801666.0585122,18627,0.07204356789588928,0.9807956570020601,0.0038,11553832,204.0374,24.5,1.755,0.07204356789588928,0.0038,204.0374,24.5,1.755,0.77239590883255,0.0038,208.0905,24.023,1.72,0.4448,0.4374,0.332,0.2122,0.2132,0.112,1.9235561916628992e+17,8.0,632,3.28125,9.900990099009901e-08,0.0611,0.9750832148960659,11553832,11553832,722.331,0.28598593310394055,15995.2097,2.5,0.04,"{'dispatch_batches': None, 'even_batches': True, 'gradient_accumulation_kwargs': None, 'non_blocking': False, 'split_batches': False, 'use_seedable_sampler': True}",False,False,0.9,0.999,1e-08,False,['Qwen2ForCausalLM'],False,0,False,False,,False,,True,False,151643,,0,,,"{'dataset': 'EleutherAI/minerva_math', 'shuffle_seed': 0}",0,False,4,False,True,4,,,input_ids,,,,,1800,[],,,False,0,True,False,False,False,False,64,0,<EOS_TOKEN>,151643,,0,True,True,,25,steps,False,,,,,False,auto,False,O1,[],"{'min_num_params': 0, 'xla': False, 'xla_fsdp_grad_ckpt': False, 'xla_fsdp_v2': False}",0,,False,64,True,,False,False,auto,silu,2048,False,RylanSchaeffer/mem_model_Qwen2.5-3B_dataset_minerva_math_epochs_8_seed_0,True,,end,<HUB_TOKEN>,"{'0': 'LABEL_0', '1': 'LABEL_1'}",False,[],False,True,False,0.02,11008,False,False,False,"{'LABEL_0': 0, 'LABEL_1': 1}",,0,"['full_attention', 'full_attention', 'full_attention', 'full_attention', 'full_attention', 'full_attention', 'full_attention', 'full_attention', 'full_attention', 'full_attention', 'full_attention', 'full_attention', 'full_attention', 'full_attention', 'full_attention', 'full_attention', 'full_attention', 'full_attention', 'full_attention', 'full_attention', 'full_attention', 'full_attention', 'full_attention', 'full_attention', 'full_attention', 'full_attention', 'full_attention', 'full_attention', 'full_attention', 'full_attention', 'full_attention', 'full_attention', 'full_attention', 'full_attention', 'full_attention', 'full_attention']",5e-05,length,1,,{'max_batch_size': 512},False,0,passive,warning,True,models/sft_language_model/mem_model_Qwen2.5-3B_dataset_minerva_math_epochs_8_seed_0/runs/Aug09_17-01-00_skampere1,False,True,1,steps,linear,1,2048,32768,-1,36,eval_loss,0,3085938688,"{'attn_implementation': 'eager', 'device_map': 'auto', 'initial_model_name_or_path': 'Qwen/Qwen2.5-3B', 'torch_dtype': 'bfloat16'}",,qwen2,,,False,0,16,1,1,36,2,1,8,adamw_torch,,,False,models/sft_language_model/mem_model_Qwen2.5-3B_dataset_minerva_math_epochs_8_seed_0,False,False,False,False,bfd,,<PAD_TOKEN>,,False,-1,14,1,,,False,,,False,,,<PUSH_TO_HUB_TOKEN>,last,False,True,1,['wandb'],False,,True,False,1e-06,,1000000,deft-sweep-8,False,False,True,500,best,1,0,,"{'data_seed': 0, 'dataloader_drop_last': True, 'dataloader_num_workers': 4, 'dataloader_prefetch_factor': 4, 'eval_on_start': True, 'eval_steps': 25, 'eval_strategy': 'steps', 'gradient_accumulation_steps': 64, 'gradient_checkpointing': True, 'hub_strategy': 'end', 'learning_rate': 5e-05, 'logging_steps': 1, 'lr_scheduler_type': 'linear', 'max_grad_norm': 1, 'max_length': 2048, 'max_steps': -1, 'num_train_epochs': 8, 'optim': 'adamw_torch', 'per_device_eval_batch_size': 14, 'per_device_train_batch_size': 1, 'remove_unused_columns': True, 'report_to': 'wandb', 'save_strategy': 'best', 'save_total_limit': 1, 'torch_compile': False, 'warmup_ratio': 0.2}",True,,,,1,,False,False,True,,50,1,False,,,bfloat16,,,False,False,,4.54.1,1,False,True,False,False,False,False,False,False,False,151936,0.2,0,0,finished,0r7lchfg,6rhnvbgz
92640.446643713,3905,1754919114.6561959,92640,0.1572471410036087,0.9554639109020127,0.0039,68563255,202.1765,24.726,1.771,,,,,,0.77239590883255,0.0039,206.5104,24.207,1.734,,,,0.2104,0.2146,0.105,,47.47369473894779,3750,3.984375,2.1109234234234233e-05,0.1656,0.9446491207927465,68563255,68563255,751.686,,91212.6745,,,"{'dispatch_batches': None, 'even_batches': True, 'gradient_accumulation_kwargs': None, 'non_blocking': False, 'split_batches': False, 'use_seedable_sampler': True}",False,False,0.9,0.999,1e-08,False,['Qwen2ForCausalLM'],False,0,False,False,,False,,True,False,151643,,0,,,"{'dataset': 'EleutherAI/minerva_math', 'shuffle_seed': 0}",0,False,4,False,True,4,,,input_ids,,,,,1800,[],,,False,0,True,False,False,False,False,64,0,<EOS_TOKEN>,151643,,0,True,True,,25,steps,False,,,,,False,auto,False,O1,[],"{'min_num_params': 0, 'xla': False, 'xla_fsdp_grad_ckpt': False, 'xla_fsdp_v2': False}",0,,False,64,True,,False,False,auto,silu,2048,False,RylanSchaeffer/mem_model_Qwen2.5-3B_dataset_minerva_math_epochs_562_seed_0,True,,end,<HUB_TOKEN>,"{'0': 'LABEL_0', '1': 'LABEL_1'}",False,[],False,True,False,0.02,11008,False,False,False,"{'LABEL_0': 0, 'LABEL_1': 1}",,0,"['full_attention', 'full_attention', 'full_attention', 'full_attention', 'full_attention', 'full_attention', 'full_attention', 'full_attention', 'full_attention', 'full_attention', 'full_attention', 'full_attention', 'full_attention', 'full_attention', 'full_attention', 'full_attention', 'full_attention', 'full_attention', 'full_attention', 'full_attention', 'full_attention', 'full_attention', 'full_attention', 'full_attention', 'full_attention', 'full_attention', 'full_attention', 'full_attention', 'full_attention', 'full_attention', 'full_attention', 'full_attention', 'full_attention', 'full_attention', 'full_attention', 'full_attention']",5e-05,length,1,,{'max_batch_size': 512},False,0,passive,warning,True,models/sft_language_model/mem_model_Qwen2.5-3B_dataset_minerva_math_epochs_562_seed_0/runs/Aug10_05-04-36_skampere1,False,True,1,steps,linear,1,2048,32768,-1,36,eval_loss,0,3085938688,"{'attn_implementation': 'eager', 'device_map': 'auto', 'initial_model_name_or_path': 'Qwen/Qwen2.5-3B', 'torch_dtype': 'bfloat16'}",,qwen2,,,False,0,16,1,1,36,2,1,562,adamw_torch,,,False,models/sft_language_model/mem_model_Qwen2.5-3B_dataset_minerva_math_epochs_562_seed_0,False,False,False,False,bfd,,<PAD_TOKEN>,,False,-1,14,1,,,False,,,False,,,<PUSH_TO_HUB_TOKEN>,last,False,True,1,['wandb'],False,,True,False,1e-06,,1000000,swept-sweep-17,False,False,True,500,best,1,0,,"{'data_seed': 0, 'dataloader_drop_last': True, 'dataloader_num_workers': 4, 'dataloader_prefetch_factor': 4, 'eval_on_start': True, 'eval_steps': 25, 'eval_strategy': 'steps', 'gradient_accumulation_steps': 64, 'gradient_checkpointing': True, 'hub_strategy': 'end', 'learning_rate': 5e-05, 'logging_steps': 1, 'lr_scheduler_type': 'linear', 'max_grad_norm': 1, 'max_length': 2048, 'max_steps': -1, 'num_train_epochs': 562, 'optim': 'adamw_torch', 'per_device_eval_batch_size': 14, 'per_device_train_batch_size': 1, 'remove_unused_columns': True, 'report_to': 'wandb', 'save_strategy': 'best', 'save_total_limit': 1, 'torch_compile': False, 'warmup_ratio': 0.2}",True,,,,1,,False,False,True,,50,1,False,,,bfloat16,,,False,False,,4.54.1,1,False,True,False,False,False,False,False,False,False,151936,0.2,0,0,crashed,0r7lchfg,itljgmao
105590.0,4611,1754902678.142936,105590,0.034155141562223434,0.9898594839279878,0.0037,80876824,201.3411,24.829,1.778,0.034155141562223434,0.0037,201.3411,24.829,1.778,0.77239590883255,0.0037,205.4234,24.335,1.743,0.6404,0.6404,0.638,0.2114,0.2146,0.1096,1.3464893341640294e+18,56.0,4424,1.1171875,1.4128284826222098e-08,0.0427,0.9831337588174003,80876824,80876824,785.743,0.11721931827135862,102930.3395,2.72,0.043,"{'dispatch_batches': None, 'even_batches': True, 'gradient_accumulation_kwargs': None, 'non_blocking': False, 'split_batches': False, 'use_seedable_sampler': True}",False,False,0.9,0.999,1e-08,False,['Qwen2ForCausalLM'],False,0,False,False,,False,,True,False,151643,,0,,,"{'dataset': 'EleutherAI/minerva_math', 'shuffle_seed': 0}",0,False,4,False,True,4,,,input_ids,,,,,1800,[],,,False,0,True,False,False,False,False,64,0,<EOS_TOKEN>,151643,,0,True,True,,25,steps,False,,,,,False,auto,False,O1,[],"{'min_num_params': 0, 'xla': False, 'xla_fsdp_grad_ckpt': False, 'xla_fsdp_v2': False}",0,,False,64,True,,False,False,auto,silu,2048,False,RylanSchaeffer/mem_model_Qwen2.5-3B_dataset_minerva_math_epochs_56_seed_0,True,,end,<HUB_TOKEN>,"{'0': 'LABEL_0', '1': 'LABEL_1'}",False,[],False,True,False,0.02,11008,False,False,False,"{'LABEL_0': 0, 'LABEL_1': 1}",,0,"['full_attention', 'full_attention', 'full_attention', 'full_attention', 'full_attention', 'full_attention', 'full_attention', 'full_attention', 'full_attention', 'full_attention', 'full_attention', 'full_attention', 'full_attention', 'full_attention', 'full_attention', 'full_attention', 'full_attention', 'full_attention', 'full_attention', 'full_attention', 'full_attention', 'full_attention', 'full_attention', 'full_attention', 'full_attention', 'full_attention', 'full_attention', 'full_attention', 'full_attention', 'full_attention', 'full_attention', 'full_attention', 'full_attention', 'full_attention', 'full_attention', 'full_attention']",5e-05,length,1,,{'max_batch_size': 512},False,0,passive,warning,True,models/sft_language_model/mem_model_Qwen2.5-3B_dataset_minerva_math_epochs_56_seed_0/runs/Aug09_20-54-59_skampere1,False,True,1,steps,linear,1,2048,32768,-1,36,eval_loss,0,3085938688,"{'attn_implementation': 'eager', 'device_map': 'auto', 'initial_model_name_or_path': 'Qwen/Qwen2.5-3B', 'torch_dtype': 'bfloat16'}",,qwen2,,,False,0,16,1,1,36,2,1,56,adamw_torch,,,False,models/sft_language_model/mem_model_Qwen2.5-3B_dataset_minerva_math_epochs_56_seed_0,False,False,False,False,bfd,,<PAD_TOKEN>,,False,-1,14,1,,,False,,,False,,,<PUSH_TO_HUB_TOKEN>,last,False,True,1,['wandb'],False,,True,False,1e-06,,1000000,feasible-sweep-13,False,False,True,500,best,1,0,,"{'data_seed': 0, 'dataloader_drop_last': True, 'dataloader_num_workers': 4, 'dataloader_prefetch_factor': 4, 'eval_on_start': True, 'eval_steps': 25, 'eval_strategy': 'steps', 'gradient_accumulation_steps': 64, 'gradient_checkpointing': True, 'hub_strategy': 'end', 'learning_rate': 5e-05, 'logging_steps': 1, 'lr_scheduler_type': 'linear', 'max_grad_norm': 1, 'max_length': 2048, 'max_steps': -1, 'num_train_epochs': 56, 'optim': 'adamw_torch', 'per_device_eval_batch_size': 14, 'per_device_train_batch_size': 1, 'remove_unused_columns': True, 'report_to': 'wandb', 'save_strategy': 'best', 'save_total_limit': 1, 'torch_compile': False, 'warmup_ratio': 0.2}",True,,,,1,,False,False,True,,50,1,False,,,bfloat16,,,False,False,,4.54.1,1,False,True,False,False,False,False,False,False,False,151936,0.2,0,0,finished,0r7lchfg,zicjqfk8
5231.953843628,178,1754919166.1520612,5217,0.41171810030937195,0.8799712304962414,0.0037,2753147,201.7233,24.781,1.775,,,,,,0.77239590883255,0.0037,205.3852,24.34,1.743,,,,0.2114,0.2064,0.1096,,2.1152230446089217,167,1.4453125,1.8783068783068782e-05,0.3906,0.8767003985121846,3057128,3057128,762.33,,3995.9239,,,"{'dispatch_batches': None, 'even_batches': True, 'gradient_accumulation_kwargs': None, 'non_blocking': False, 'split_batches': False, 'use_seedable_sampler': True}",False,False,0.9,0.999,1e-08,False,['Qwen2ForCausalLM'],False,0,False,False,,False,,True,False,151643,,0,,,"{'dataset': 'EleutherAI/minerva_math', 'shuffle_seed': 0}",0,False,4,False,True,4,,,input_ids,,,,,1800,[],,,False,0,True,False,False,False,False,64,0,<EOS_TOKEN>,151643,,0,True,True,,25,steps,False,,,,,False,auto,False,O1,[],"{'min_num_params': 0, 'xla': False, 'xla_fsdp_grad_ckpt': False, 'xla_fsdp_v2': False}",0,,False,64,True,,False,False,auto,silu,2048,False,RylanSchaeffer/mem_model_Qwen2.5-3B_dataset_minerva_math_epochs_3_seed_1,True,,end,<HUB_TOKEN>,"{'0': 'LABEL_0', '1': 'LABEL_1'}",False,[],False,True,False,0.02,11008,False,False,False,"{'LABEL_0': 0, 'LABEL_1': 1}",,0,"['full_attention', 'full_attention', 'full_attention', 'full_attention', 'full_attention', 'full_attention', 'full_attention', 'full_attention', 'full_attention', 'full_attention', 'full_attention', 'full_attention', 'full_attention', 'full_attention', 'full_attention', 'full_attention', 'full_attention', 'full_attention', 'full_attention', 'full_attention', 'full_attention', 'full_attention', 'full_attention', 'full_attention', 'full_attention', 'full_attention', 'full_attention', 'full_attention', 'full_attention', 'full_attention', 'full_attention', 'full_attention', 'full_attention', 'full_attention', 'full_attention', 'full_attention']",5e-05,length,1,,{'max_batch_size': 512},False,0,passive,warning,True,models/sft_language_model/mem_model_Qwen2.5-3B_dataset_minerva_math_epochs_3_seed_1/runs/Aug11_05-22-14_skampere1,False,True,1,steps,linear,1,2048,32768,-1,36,eval_loss,0,3085938688,"{'attn_implementation': 'eager', 'device_map': 'auto', 'initial_model_name_or_path': 'Qwen/Qwen2.5-3B', 'torch_dtype': 'bfloat16'}",,qwen2,,,False,0,16,1,1,36,2,1,3,adamw_torch,,,False,models/sft_language_model/mem_model_Qwen2.5-3B_dataset_minerva_math_epochs_3_seed_1,False,False,False,False,bfd,,<PAD_TOKEN>,,False,-1,14,1,,,False,,,False,,,<PUSH_TO_HUB_TOKEN>,last,False,True,1,['wandb'],False,,True,False,1e-06,,1000000,iconic-sweep-21,False,False,True,500,best,1,1,,"{'data_seed': 0, 'dataloader_drop_last': True, 'dataloader_num_workers': 4, 'dataloader_prefetch_factor': 4, 'eval_on_start': True, 'eval_steps': 25, 'eval_strategy': 'steps', 'gradient_accumulation_steps': 64, 'gradient_checkpointing': True, 'hub_strategy': 'end', 'learning_rate': 5e-05, 'logging_steps': 1, 'lr_scheduler_type': 'linear', 'max_grad_norm': 1, 'max_length': 2048, 'max_steps': -1, 'num_train_epochs': 3, 'optim': 'adamw_torch', 'per_device_eval_batch_size': 14, 'per_device_train_batch_size': 1, 'remove_unused_columns': True, 'report_to': 'wandb', 'save_strategy': 'best', 'save_total_limit': 1, 'torch_compile': False, 'warmup_ratio': 0.2}",True,,,,1,,False,False,True,,50,1,False,,,bfloat16,,,False,False,,4.54.1,1,False,True,False,False,False,False,False,False,False,151936,0.2,0,0,crashed,0r7lchfg,6xhj6amd
4615.0,93,1754780957.8440862,4615,0.5656988620758057,0.8359108750380617,0.0038,1444229,201.3353,24.829,1.778,0.5656988620758057,0.0038,201.3353,24.829,1.778,0.77239590883255,0.0038,205.9347,24.275,1.738,0.3148,0.3076,0.151,0.2134,0.2068,0.112,2.404445239578624e+16,1.0,79,4.1875,7.936507936507937e-07,0.8417,0.771770681653704,1444229,1444229,682.836,0.6255765942078603,2115.0469,2.364,0.037,"{'dispatch_batches': None, 'even_batches': True, 'gradient_accumulation_kwargs': None, 'non_blocking': False, 'split_batches': False, 'use_seedable_sampler': True}",False,False,0.9,0.999,1e-08,False,['Qwen2ForCausalLM'],False,0,False,False,,False,,True,False,151643,,0,,,"{'dataset': 'EleutherAI/minerva_math', 'shuffle_seed': 0}",0,False,4,False,True,4,,,input_ids,,,,,1800,[],,,False,0,True,False,False,False,False,64,0,<EOS_TOKEN>,151643,,0,True,True,,25,steps,False,,,,,False,auto,False,O1,[],"{'min_num_params': 0, 'xla': False, 'xla_fsdp_grad_ckpt': False, 'xla_fsdp_v2': False}",0,,False,64,True,,False,False,auto,silu,2048,False,RylanSchaeffer/mem_model_Qwen2.5-3B_dataset_minerva_math_epochs_1_seed_0,True,,end,<HUB_TOKEN>,"{'0': 'LABEL_0', '1': 'LABEL_1'}",False,[],False,True,False,0.02,11008,False,False,False,"{'LABEL_0': 0, 'LABEL_1': 1}",,0,"['full_attention', 'full_attention', 'full_attention', 'full_attention', 'full_attention', 'full_attention', 'full_attention', 'full_attention', 'full_attention', 'full_attention', 'full_attention', 'full_attention', 'full_attention', 'full_attention', 'full_attention', 'full_attention', 'full_attention', 'full_attention', 'full_attention', 'full_attention', 'full_attention', 'full_attention', 'full_attention', 'full_attention', 'full_attention', 'full_attention', 'full_attention', 'full_attention', 'full_attention', 'full_attention', 'full_attention', 'full_attention', 'full_attention', 'full_attention', 'full_attention', 'full_attention']",5e-05,length,1,,{'max_batch_size': 512},False,0,passive,warning,True,models/sft_language_model/mem_model_Qwen2.5-3B_dataset_minerva_math_epochs_1_seed_0/runs/Aug09_15-09-04_skampere1,False,True,1,steps,linear,1,2048,32768,-1,36,eval_loss,0,3085938688,"{'attn_implementation': 'eager', 'device_map': 'auto', 'initial_model_name_or_path': 'Qwen/Qwen2.5-3B', 'torch_dtype': 'bfloat16'}",,qwen2,,,False,0,16,1,1,36,2,1,1,adamw_torch,,,False,models/sft_language_model/mem_model_Qwen2.5-3B_dataset_minerva_math_epochs_1_seed_0,False,False,False,False,bfd,,<PAD_TOKEN>,,False,-1,14,1,,,False,,,False,,,<PUSH_TO_HUB_TOKEN>,last,False,True,1,['wandb'],False,,True,False,1e-06,,1000000,ancient-sweep-1,False,False,True,500,best,1,0,,"{'data_seed': 0, 'dataloader_drop_last': True, 'dataloader_num_workers': 4, 'dataloader_prefetch_factor': 4, 'eval_on_start': True, 'eval_steps': 25, 'eval_strategy': 'steps', 'gradient_accumulation_steps': 64, 'gradient_checkpointing': True, 'hub_strategy': 'end', 'learning_rate': 5e-05, 'logging_steps': 1, 'lr_scheduler_type': 'linear', 'max_grad_norm': 1, 'max_length': 2048, 'max_steps': -1, 'num_train_epochs': 1, 'optim': 'adamw_torch', 'per_device_eval_batch_size': 14, 'per_device_train_batch_size': 1, 'remove_unused_columns': True, 'report_to': 'wandb', 'save_strategy': 'best', 'save_total_limit': 1, 'torch_compile': False, 'warmup_ratio': 0.2}",True,,,,1,,False,False,True,,50,1,False,,,bfloat16,,,False,False,,4.54.1,1,False,True,False,False,False,False,False,False,False,151936,0.2,0,0,finished,0r7lchfg,ww04skp0
37978.0,1489,1754826461.6690955,37978,0.035412080585956573,0.9898450244738403,0.0039,25996122,202.6074,24.673,1.767,0.035412080585956573,0.0039,202.6074,24.673,1.767,0.77239590883255,0.0039,206.139,24.251,1.737,0.6396,0.6394,0.623,0.2144,0.2064,0.1174,4.328001431241523e+17,18.0,1422,1.5625,4.397537379067722e-08,0.0554,0.9821064812796456,25996122,25996122,735.406,0.17901027624648583,35349.3385,2.546,0.04,"{'dispatch_batches': None, 'even_batches': True, 'gradient_accumulation_kwargs': None, 'non_blocking': False, 'split_batches': False, 'use_seedable_sampler': True}",False,False,0.9,0.999,1e-08,False,['Qwen2ForCausalLM'],False,0,False,False,,False,,True,False,151643,,0,,,"{'dataset': 'EleutherAI/minerva_math', 'shuffle_seed': 0}",0,False,4,False,True,4,,,input_ids,,,,,1800,[],,,False,0,True,False,False,False,False,64,0,<EOS_TOKEN>,151643,,0,True,True,,25,steps,False,,,,,False,auto,False,O1,[],"{'min_num_params': 0, 'xla': False, 'xla_fsdp_grad_ckpt': False, 'xla_fsdp_v2': False}",0,,False,64,True,,False,False,auto,silu,2048,False,RylanSchaeffer/mem_model_Qwen2.5-3B_dataset_minerva_math_epochs_18_seed_0,True,,end,<HUB_TOKEN>,"{'0': 'LABEL_0', '1': 'LABEL_1'}",False,[],False,True,False,0.02,11008,False,False,False,"{'LABEL_0': 0, 'LABEL_1': 1}",,0,"['full_attention', 'full_attention', 'full_attention', 'full_attention', 'full_attention', 'full_attention', 'full_attention', 'full_attention', 'full_attention', 'full_attention', 'full_attention', 'full_attention', 'full_attention', 'full_attention', 'full_attention', 'full_attention', 'full_attention', 'full_attention', 'full_attention', 'full_attention', 'full_attention', 'full_attention', 'full_attention', 'full_attention', 'full_attention', 'full_attention', 'full_attention', 'full_attention', 'full_attention', 'full_attention', 'full_attention', 'full_attention', 'full_attention', 'full_attention', 'full_attention', 'full_attention']",5e-05,length,1,,{'max_batch_size': 512},False,0,passive,warning,True,models/sft_language_model/mem_model_Qwen2.5-3B_dataset_minerva_math_epochs_18_seed_0/runs/Aug09_18-32-08_skampere1,False,True,1,steps,linear,1,2048,32768,-1,36,eval_loss,0,3085938688,"{'attn_implementation': 'eager', 'device_map': 'auto', 'initial_model_name_or_path': 'Qwen/Qwen2.5-3B', 'torch_dtype': 'bfloat16'}",,qwen2,,,False,0,16,1,1,36,2,1,18,adamw_torch,,,False,models/sft_language_model/mem_model_Qwen2.5-3B_dataset_minerva_math_epochs_18_seed_0,False,False,False,False,bfd,,<PAD_TOKEN>,,False,-1,14,1,,,False,,,False,,,<PUSH_TO_HUB_TOKEN>,last,False,True,1,['wandb'],False,,True,False,1e-06,,1000000,likely-sweep-11,False,False,True,500,best,1,0,,"{'data_seed': 0, 'dataloader_drop_last': True, 'dataloader_num_workers': 4, 'dataloader_prefetch_factor': 4, 'eval_on_start': True, 'eval_steps': 25, 'eval_strategy': 'steps', 'gradient_accumulation_steps': 64, 'gradient_checkpointing': True, 'hub_strategy': 'end', 'learning_rate': 5e-05, 'logging_steps': 1, 'lr_scheduler_type': 'linear', 'max_grad_norm': 1, 'max_length': 2048, 'max_steps': -1, 'num_train_epochs': 18, 'optim': 'adamw_torch', 'per_device_eval_batch_size': 14, 'per_device_train_batch_size': 1, 'remove_unused_columns': True, 'report_to': 'wandb', 'save_strategy': 'best', 'save_total_limit': 1, 'torch_compile': False, 'warmup_ratio': 0.2}",True,,,,1,,False,False,True,,50,1,False,,,bfloat16,,,False,False,,4.54.1,1,False,True,False,False,False,False,False,False,False,151936,0.2,0,0,finished,0r7lchfg,h3z5u2fh
22103.0,832,1754808883.9217112,22103,0.04299252852797508,0.9888142600405816,0.0037,14442290,202.722,24.659,1.766,0.04299252852797508,0.0037,202.722,24.659,1.766,0.77239590883255,0.0037,206.7016,24.185,1.732,0.6072,0.599,0.4942,0.2144,0.2146,0.112,2.404445239578624e+17,10.0,790,1.5234375,7.911392405063292e-08,0.0416,0.986882507801056,14442290,14442290,740.308,0.2444922514802104,19508.4764,2.562,0.04,"{'dispatch_batches': None, 'even_batches': True, 'gradient_accumulation_kwargs': None, 'non_blocking': False, 'split_batches': False, 'use_seedable_sampler': True}",False,False,0.9,0.999,1e-08,False,['Qwen2ForCausalLM'],False,0,False,False,,False,,True,False,151643,,0,,,"{'dataset': 'EleutherAI/minerva_math', 'shuffle_seed': 0}",0,False,4,False,True,4,,,input_ids,,,,,1800,[],,,False,0,True,False,False,False,False,64,0,<EOS_TOKEN>,151643,,0,True,True,,25,steps,False,,,,,False,auto,False,O1,[],"{'min_num_params': 0, 'xla': False, 'xla_fsdp_grad_ckpt': False, 'xla_fsdp_v2': False}",0,,False,64,True,,False,False,auto,silu,2048,False,RylanSchaeffer/mem_model_Qwen2.5-3B_dataset_minerva_math_epochs_10_seed_0,True,,end,<HUB_TOKEN>,"{'0': 'LABEL_0', '1': 'LABEL_1'}",False,[],False,True,False,0.02,11008,False,False,False,"{'LABEL_0': 0, 'LABEL_1': 1}",,0,"['full_attention', 'full_attention', 'full_attention', 'full_attention', 'full_attention', 'full_attention', 'full_attention', 'full_attention', 'full_attention', 'full_attention', 'full_attention', 'full_attention', 'full_attention', 'full_attention', 'full_attention', 'full_attention', 'full_attention', 'full_attention', 'full_attention', 'full_attention', 'full_attention', 'full_attention', 'full_attention', 'full_attention', 'full_attention', 'full_attention', 'full_attention', 'full_attention', 'full_attention', 'full_attention', 'full_attention', 'full_attention', 'full_attention', 'full_attention', 'full_attention', 'full_attention']",5e-05,length,1,,{'max_batch_size': 512},False,0,passive,warning,True,models/sft_language_model/mem_model_Qwen2.5-3B_dataset_minerva_math_epochs_10_seed_0/runs/Aug09_18-03-09_skampere1,False,True,1,steps,linear,1,2048,32768,-1,36,eval_loss,0,3085938688,"{'attn_implementation': 'eager', 'device_map': 'auto', 'initial_model_name_or_path': 'Qwen/Qwen2.5-3B', 'torch_dtype': 'bfloat16'}",,qwen2,,,False,0,16,1,1,36,2,1,10,adamw_torch,,,False,models/sft_language_model/mem_model_Qwen2.5-3B_dataset_minerva_math_epochs_10_seed_0,False,False,False,False,bfd,,<PAD_TOKEN>,,False,-1,14,1,,,False,,,False,,,<PUSH_TO_HUB_TOKEN>,last,False,True,1,['wandb'],False,,True,False,1e-06,,1000000,crimson-sweep-10,False,False,True,500,best,1,0,,"{'data_seed': 0, 'dataloader_drop_last': True, 'dataloader_num_workers': 4, 'dataloader_prefetch_factor': 4, 'eval_on_start': True, 'eval_steps': 25, 'eval_strategy': 'steps', 'gradient_accumulation_steps': 64, 'gradient_checkpointing': True, 'hub_strategy': 'end', 'learning_rate': 5e-05, 'logging_steps': 1, 'lr_scheduler_type': 'linear', 'max_grad_norm': 1, 'max_length': 2048, 'max_steps': -1, 'num_train_epochs': 10, 'optim': 'adamw_torch', 'per_device_eval_batch_size': 14, 'per_device_train_batch_size': 1, 'remove_unused_columns': True, 'report_to': 'wandb', 'save_strategy': 'best', 'save_total_limit': 1, 'torch_compile': False, 'warmup_ratio': 0.2}",True,,,,1,,False,False,True,,50,1,False,,,bfloat16,,,False,False,,4.54.1,1,False,True,False,False,False,False,False,False,False,151936,0.2,0,0,finished,0r7lchfg,3hsv0y68
8446.0,257,1754784810.4538844,8446,0.36574751138687134,0.8921174508566297,0.0038,4332687,202.2054,24.722,1.77,0.36574751138687134,0.0038,202.2054,24.722,1.77,0.77239590883255,0.0038,206.7798,24.175,1.731,0.3216,0.3132,0.222,0.2104,0.2106,0.108,7.213335718735872e+16,3.0,237,2.65625,2.6455026455026455e-07,0.2258,0.9124664493969509,4332687,4332687,741.533,0.4846138892545982,5842.8783,2.567,0.041,"{'dispatch_batches': None, 'even_batches': True, 'gradient_accumulation_kwargs': None, 'non_blocking': False, 'split_batches': False, 'use_seedable_sampler': True}",False,False,0.9,0.999,1e-08,False,['Qwen2ForCausalLM'],False,0,False,False,,False,,True,False,151643,,0,,,"{'dataset': 'EleutherAI/minerva_math', 'shuffle_seed': 0}",0,False,4,False,True,4,,,input_ids,,,,,1800,[],,,False,0,True,False,False,False,False,64,0,<EOS_TOKEN>,151643,,0,True,True,,25,steps,False,,,,,False,auto,False,O1,[],"{'min_num_params': 0, 'xla': False, 'xla_fsdp_grad_ckpt': False, 'xla_fsdp_v2': False}",0,,False,64,True,,False,False,auto,silu,2048,False,RylanSchaeffer/mem_model_Qwen2.5-3B_dataset_minerva_math_epochs_3_seed_0,True,,end,<HUB_TOKEN>,"{'0': 'LABEL_0', '1': 'LABEL_1'}",False,[],False,True,False,0.02,11008,False,False,False,"{'LABEL_0': 0, 'LABEL_1': 1}",,0,"['full_attention', 'full_attention', 'full_attention', 'full_attention', 'full_attention', 'full_attention', 'full_attention', 'full_attention', 'full_attention', 'full_attention', 'full_attention', 'full_attention', 'full_attention', 'full_attention', 'full_attention', 'full_attention', 'full_attention', 'full_attention', 'full_attention', 'full_attention', 'full_attention', 'full_attention', 'full_attention', 'full_attention', 'full_attention', 'full_attention', 'full_attention', 'full_attention', 'full_attention', 'full_attention', 'full_attention', 'full_attention', 'full_attention', 'full_attention', 'full_attention', 'full_attention']",5e-05,length,1,,{'max_batch_size': 512},False,0,passive,warning,True,models/sft_language_model/mem_model_Qwen2.5-3B_dataset_minerva_math_epochs_3_seed_0/runs/Aug09_15-09-22_skampere1,False,True,1,steps,linear,1,2048,32768,-1,36,eval_loss,0,3085938688,"{'attn_implementation': 'eager', 'device_map': 'auto', 'initial_model_name_or_path': 'Qwen/Qwen2.5-3B', 'torch_dtype': 'bfloat16'}",,qwen2,,,False,0,16,1,1,36,2,1,3,adamw_torch,,,False,models/sft_language_model/mem_model_Qwen2.5-3B_dataset_minerva_math_epochs_3_seed_0,False,False,False,False,bfd,,<PAD_TOKEN>,,False,-1,14,1,,,False,,,False,,,<PUSH_TO_HUB_TOKEN>,last,False,True,1,['wandb'],False,,True,False,1e-06,,1000000,efficient-sweep-3,False,False,True,500,best,1,0,,"{'data_seed': 0, 'dataloader_drop_last': True, 'dataloader_num_workers': 4, 'dataloader_prefetch_factor': 4, 'eval_on_start': True, 'eval_steps': 25, 'eval_strategy': 'steps', 'gradient_accumulation_steps': 64, 'gradient_checkpointing': True, 'hub_strategy': 'end', 'learning_rate': 5e-05, 'logging_steps': 1, 'lr_scheduler_type': 'linear', 'max_grad_norm': 1, 'max_length': 2048, 'max_steps': -1, 'num_train_epochs': 3, 'optim': 'adamw_torch', 'per_device_eval_batch_size': 14, 'per_device_train_batch_size': 1, 'remove_unused_columns': True, 'report_to': 'wandb', 'save_strategy': 'best', 'save_total_limit': 1, 'torch_compile': False, 'warmup_ratio': 0.2}",True,,,,1,,False,False,True,,50,1,False,,,bfloat16,,,False,False,,4.54.1,1,False,True,False,False,False,False,False,False,False,151936,0.2,0,0,finished,0r7lchfg,lruiy6mk
110085.526741637,4736,1754918983.0197287,110085,0.049455948173999786,0.9865130650597578,0.0038,82732253,202.83,24.646,1.765,,,,,,0.77239590883255,0.0038,206.7908,24.174,1.731,,,,0.2122,0.2146,0.1096,,57.601720344068816,4550,2.578125,4.555377528539956e-05,0.0528,0.9812368461862206,83193283,83193283,764.25,,108856.0907,,,"{'dispatch_batches': None, 'even_batches': True, 'gradient_accumulation_kwargs': None, 'non_blocking': False, 'split_batches': False, 'use_seedable_sampler': True}",False,False,0.9,0.999,1e-08,False,['Qwen2ForCausalLM'],False,0,False,False,,False,,True,False,151643,,0,,,"{'dataset': 'EleutherAI/minerva_math', 'shuffle_seed': 0}",0,False,4,False,True,4,,,input_ids,,,,,1800,[],,,False,0,True,False,False,False,False,64,0,<EOS_TOKEN>,151643,,0,True,True,,25,steps,False,,,,,False,auto,False,O1,[],"{'min_num_params': 0, 'xla': False, 'xla_fsdp_grad_ckpt': False, 'xla_fsdp_v2': False}",0,,False,64,True,,False,False,auto,silu,2048,False,RylanSchaeffer/mem_model_Qwen2.5-3B_dataset_minerva_math_epochs_316_seed_0,True,,end,<HUB_TOKEN>,"{'0': 'LABEL_0', '1': 'LABEL_1'}",False,[],False,True,False,0.02,11008,False,False,False,"{'LABEL_0': 0, 'LABEL_1': 1}",,0,"['full_attention', 'full_attention', 'full_attention', 'full_attention', 'full_attention', 'full_attention', 'full_attention', 'full_attention', 'full_attention', 'full_attention', 'full_attention', 'full_attention', 'full_attention', 'full_attention', 'full_attention', 'full_attention', 'full_attention', 'full_attention', 'full_attention', 'full_attention', 'full_attention', 'full_attention', 'full_attention', 'full_attention', 'full_attention', 'full_attention', 'full_attention', 'full_attention', 'full_attention', 'full_attention', 'full_attention', 'full_attention', 'full_attention', 'full_attention', 'full_attention', 'full_attention']",5e-05,length,1,,{'max_batch_size': 512},False,0,passive,warning,True,models/sft_language_model/mem_model_Qwen2.5-3B_dataset_minerva_math_epochs_316_seed_0/runs/Aug10_00-11-43_skampere1,False,True,1,steps,linear,1,2048,32768,-1,36,eval_loss,0,3085938688,"{'attn_implementation': 'eager', 'device_map': 'auto', 'initial_model_name_or_path': 'Qwen/Qwen2.5-3B', 'torch_dtype': 'bfloat16'}",,qwen2,,,False,0,16,1,1,36,2,1,316,adamw_torch,,,False,models/sft_language_model/mem_model_Qwen2.5-3B_dataset_minerva_math_epochs_316_seed_0,False,False,False,False,bfd,,<PAD_TOKEN>,,False,-1,14,1,,,False,,,False,,,<PUSH_TO_HUB_TOKEN>,last,False,True,1,['wandb'],False,,True,False,1e-06,,1000000,electric-sweep-16,False,False,True,500,best,1,0,,"{'data_seed': 0, 'dataloader_drop_last': True, 'dataloader_num_workers': 4, 'dataloader_prefetch_factor': 4, 'eval_on_start': True, 'eval_steps': 25, 'eval_strategy': 'steps', 'gradient_accumulation_steps': 64, 'gradient_checkpointing': True, 'hub_strategy': 'end', 'learning_rate': 5e-05, 'logging_steps': 1, 'lr_scheduler_type': 'linear', 'max_grad_norm': 1, 'max_length': 2048, 'max_steps': -1, 'num_train_epochs': 316, 'optim': 'adamw_torch', 'per_device_eval_batch_size': 14, 'per_device_train_batch_size': 1, 'remove_unused_columns': True, 'report_to': 'wandb', 'save_strategy': 'best', 'save_total_limit': 1, 'torch_compile': False, 'warmup_ratio': 0.2}",True,,,,1,,False,False,True,,50,1,False,,,bfloat16,,,False,False,,4.54.1,1,False,True,False,False,False,False,False,False,False,151936,0.2,0,0,crashed,0r7lchfg,biep3uan
10396.0,339,1754786766.305622,10396,0.2867818772792816,0.915270740259959,0.0038,5776916,201.7247,24.781,1.775,0.2867818772792816,0.0038,201.7247,24.781,1.775,0.77239590883255,0.0038,206.9475,24.156,1.73,0.3234,0.3158,0.2432,0.2122,0.2106,0.1062,9.617780958314496e+16,4.0,316,3.703125,1.9841269841269841e-07,0.2421,0.9233510323933192,5776916,5776916,745.426,0.43359437947974927,7749.8166,2.58,0.041,"{'dispatch_batches': None, 'even_batches': True, 'gradient_accumulation_kwargs': None, 'non_blocking': False, 'split_batches': False, 'use_seedable_sampler': True}",False,False,0.9,0.999,1e-08,False,['Qwen2ForCausalLM'],False,0,False,False,,False,,True,False,151643,,0,,,"{'dataset': 'EleutherAI/minerva_math', 'shuffle_seed': 0}",0,False,4,False,True,4,,,input_ids,,,,,1800,[],,,False,0,True,False,False,False,False,64,0,<EOS_TOKEN>,151643,,0,True,True,,25,steps,False,,,,,False,auto,False,O1,[],"{'min_num_params': 0, 'xla': False, 'xla_fsdp_grad_ckpt': False, 'xla_fsdp_v2': False}",0,,False,64,True,,False,False,auto,silu,2048,False,RylanSchaeffer/mem_model_Qwen2.5-3B_dataset_minerva_math_epochs_4_seed_0,True,,end,<HUB_TOKEN>,"{'0': 'LABEL_0', '1': 'LABEL_1'}",False,[],False,True,False,0.02,11008,False,False,False,"{'LABEL_0': 0, 'LABEL_1': 1}",,0,"['full_attention', 'full_attention', 'full_attention', 'full_attention', 'full_attention', 'full_attention', 'full_attention', 'full_attention', 'full_attention', 'full_attention', 'full_attention', 'full_attention', 'full_attention', 'full_attention', 'full_attention', 'full_attention', 'full_attention', 'full_attention', 'full_attention', 'full_attention', 'full_attention', 'full_attention', 'full_attention', 'full_attention', 'full_attention', 'full_attention', 'full_attention', 'full_attention', 'full_attention', 'full_attention', 'full_attention', 'full_attention', 'full_attention', 'full_attention', 'full_attention', 'full_attention']",5e-05,length,1,,{'max_batch_size': 512},False,0,passive,warning,True,models/sft_language_model/mem_model_Qwen2.5-3B_dataset_minerva_math_epochs_4_seed_0/runs/Aug09_15-09-39_skampere1,False,True,1,steps,linear,1,2048,32768,-1,36,eval_loss,0,3085938688,"{'attn_implementation': 'eager', 'device_map': 'auto', 'initial_model_name_or_path': 'Qwen/Qwen2.5-3B', 'torch_dtype': 'bfloat16'}",,qwen2,,,False,0,16,1,1,36,2,1,4,adamw_torch,,,False,models/sft_language_model/mem_model_Qwen2.5-3B_dataset_minerva_math_epochs_4_seed_0,False,False,False,False,bfd,,<PAD_TOKEN>,,False,-1,14,1,,,False,,,False,,,<PUSH_TO_HUB_TOKEN>,last,False,True,1,['wandb'],False,,True,False,1e-06,,1000000,peachy-sweep-4,False,False,True,500,best,1,0,,"{'data_seed': 0, 'dataloader_drop_last': True, 'dataloader_num_workers': 4, 'dataloader_prefetch_factor': 4, 'eval_on_start': True, 'eval_steps': 25, 'eval_strategy': 'steps', 'gradient_accumulation_steps': 64, 'gradient_checkpointing': True, 'hub_strategy': 'end', 'learning_rate': 5e-05, 'logging_steps': 1, 'lr_scheduler_type': 'linear', 'max_grad_norm': 1, 'max_length': 2048, 'max_steps': -1, 'num_train_epochs': 4, 'optim': 'adamw_torch', 'per_device_eval_batch_size': 14, 'per_device_train_batch_size': 1, 'remove_unused_columns': True, 'report_to': 'wandb', 'save_strategy': 'best', 'save_total_limit': 1, 'torch_compile': False, 'warmup_ratio': 0.2}",True,,,,1,,False,False,True,,50,1,False,,,bfloat16,,,False,False,,4.54.1,1,False,True,False,False,False,False,False,False,False,151936,0.2,0,0,finished,0r7lchfg,0lggq03c
16105.0,586,1754797075.118582,16105,0.10753720253705978,0.9699382608829263,0.0039,10109603,201.0867,24.86,1.78,0.10753720253705978,0.0039,201.0867,24.86,1.78,0.77239590883255,0.0039,205.6809,24.305,1.741,0.3706,0.367,0.2874,0.2114,0.2132,0.121,1.6831116677050368e+17,7.0,553,3.4375,1.1312217194570138e-07,0.105,0.9629308751651219,10109603,10109603,749.092,0.31498562024525667,13495.813,2.593,0.041,"{'dispatch_batches': None, 'even_batches': True, 'gradient_accumulation_kwargs': None, 'non_blocking': False, 'split_batches': False, 'use_seedable_sampler': True}",False,False,0.9,0.999,1e-08,False,['Qwen2ForCausalLM'],False,0,False,False,,False,,True,False,151643,,0,,,"{'dataset': 'EleutherAI/minerva_math', 'shuffle_seed': 0}",0,False,4,False,True,4,,,input_ids,,,,,1800,[],,,False,0,True,False,False,False,False,64,0,<EOS_TOKEN>,151643,,0,True,True,,25,steps,False,,,,,False,auto,False,O1,[],"{'min_num_params': 0, 'xla': False, 'xla_fsdp_grad_ckpt': False, 'xla_fsdp_v2': False}",0,,False,64,True,,False,False,auto,silu,2048,False,RylanSchaeffer/mem_model_Qwen2.5-3B_dataset_minerva_math_epochs_7_seed_0,True,,end,<HUB_TOKEN>,"{'0': 'LABEL_0', '1': 'LABEL_1'}",False,[],False,True,False,0.02,11008,False,False,False,"{'LABEL_0': 0, 'LABEL_1': 1}",,0,"['full_attention', 'full_attention', 'full_attention', 'full_attention', 'full_attention', 'full_attention', 'full_attention', 'full_attention', 'full_attention', 'full_attention', 'full_attention', 'full_attention', 'full_attention', 'full_attention', 'full_attention', 'full_attention', 'full_attention', 'full_attention', 'full_attention', 'full_attention', 'full_attention', 'full_attention', 'full_attention', 'full_attention', 'full_attention', 'full_attention', 'full_attention', 'full_attention', 'full_attention', 'full_attention', 'full_attention', 'full_attention', 'full_attention', 'full_attention', 'full_attention', 'full_attention']",5e-05,length,1,,{'max_batch_size': 512},False,0,passive,warning,True,models/sft_language_model/mem_model_Qwen2.5-3B_dataset_minerva_math_epochs_7_seed_0/runs/Aug09_16-26-17_skampere1,False,True,1,steps,linear,1,2048,32768,-1,36,eval_loss,0,3085938688,"{'attn_implementation': 'eager', 'device_map': 'auto', 'initial_model_name_or_path': 'Qwen/Qwen2.5-3B', 'torch_dtype': 'bfloat16'}",,qwen2,,,False,0,16,1,1,36,2,1,7,adamw_torch,,,False,models/sft_language_model/mem_model_Qwen2.5-3B_dataset_minerva_math_epochs_7_seed_0,False,False,False,False,bfd,,<PAD_TOKEN>,,False,-1,14,1,,,False,,,False,,,<PUSH_TO_HUB_TOKEN>,last,False,True,1,['wandb'],False,,True,False,1e-06,,1000000,winter-sweep-7,False,False,True,500,best,1,0,,"{'data_seed': 0, 'dataloader_drop_last': True, 'dataloader_num_workers': 4, 'dataloader_prefetch_factor': 4, 'eval_on_start': True, 'eval_steps': 25, 'eval_strategy': 'steps', 'gradient_accumulation_steps': 64, 'gradient_checkpointing': True, 'hub_strategy': 'end', 'learning_rate': 5e-05, 'logging_steps': 1, 'lr_scheduler_type': 'linear', 'max_grad_norm': 1, 'max_length': 2048, 'max_steps': -1, 'num_train_epochs': 7, 'optim': 'adamw_torch', 'per_device_eval_batch_size': 14, 'per_device_train_batch_size': 1, 'remove_unused_columns': True, 'report_to': 'wandb', 'save_strategy': 'best', 'save_total_limit': 1, 'torch_compile': False, 'warmup_ratio': 0.2}",True,,,,1,,False,False,True,,50,1,False,,,bfloat16,,,False,False,,4.54.1,1,False,True,False,False,False,False,False,False,False,151936,0.2,0,0,finished,0r7lchfg,0vulqj3k
6490.0,175,1754913924.577866,6490,0.4561096429824829,0.8662193201107686,0.0037,2888458,201.459,24.814,1.777,0.4561096429824829,0.0037,201.459,24.814,1.777,0.77239590883255,0.0037,205.4977,24.326,1.742,0.3222,0.315,0.201,0.2122,0.2146,0.112,4.808890479157248e+16,2.0,158,4.21875,3.9682539682539683e-07,0.497,0.8593126024518695,2888458,2888458,738.66,0.5446547482964359,3910.4015,2.557,0.04,"{'dispatch_batches': None, 'even_batches': True, 'gradient_accumulation_kwargs': None, 'non_blocking': False, 'split_batches': False, 'use_seedable_sampler': True}",False,False,0.9,0.999,1e-08,False,['Qwen2ForCausalLM'],False,0,False,False,,False,,True,False,151643,,0,,,"{'dataset': 'EleutherAI/minerva_math', 'shuffle_seed': 0}",0,False,4,False,True,4,,,input_ids,,,,,1800,[],,,False,0,True,False,False,False,False,64,0,<EOS_TOKEN>,151643,,0,True,True,,25,steps,False,,,,,False,auto,False,O1,[],"{'min_num_params': 0, 'xla': False, 'xla_fsdp_grad_ckpt': False, 'xla_fsdp_v2': False}",0,,False,64,True,,False,False,auto,silu,2048,False,RylanSchaeffer/mem_model_Qwen2.5-3B_dataset_minerva_math_epochs_2_seed_1,True,,end,<HUB_TOKEN>,"{'0': 'LABEL_0', '1': 'LABEL_1'}",False,[],False,True,False,0.02,11008,False,False,False,"{'LABEL_0': 0, 'LABEL_1': 1}",,0,"['full_attention', 'full_attention', 'full_attention', 'full_attention', 'full_attention', 'full_attention', 'full_attention', 'full_attention', 'full_attention', 'full_attention', 'full_attention', 'full_attention', 'full_attention', 'full_attention', 'full_attention', 'full_attention', 'full_attention', 'full_attention', 'full_attention', 'full_attention', 'full_attention', 'full_attention', 'full_attention', 'full_attention', 'full_attention', 'full_attention', 'full_attention', 'full_attention', 'full_attention', 'full_attention', 'full_attention', 'full_attention', 'full_attention', 'full_attention', 'full_attention', 'full_attention']",5e-05,length,1,,{'max_batch_size': 512},False,0,passive,warning,True,models/sft_language_model/mem_model_Qwen2.5-3B_dataset_minerva_math_epochs_2_seed_1/runs/Aug11_03-33-45_skampere1,False,True,1,steps,linear,1,2048,32768,-1,36,eval_loss,0,3085938688,"{'attn_implementation': 'eager', 'device_map': 'auto', 'initial_model_name_or_path': 'Qwen/Qwen2.5-3B', 'torch_dtype': 'bfloat16'}",,qwen2,,,False,0,16,1,1,36,2,1,2,adamw_torch,,,False,models/sft_language_model/mem_model_Qwen2.5-3B_dataset_minerva_math_epochs_2_seed_1,False,False,False,False,bfd,,<PAD_TOKEN>,,False,-1,14,1,,,False,,,False,,,<PUSH_TO_HUB_TOKEN>,last,False,True,1,['wandb'],False,,True,False,1e-06,,1000000,generous-sweep-20,False,False,True,500,best,1,1,,"{'data_seed': 0, 'dataloader_drop_last': True, 'dataloader_num_workers': 4, 'dataloader_prefetch_factor': 4, 'eval_on_start': True, 'eval_steps': 25, 'eval_strategy': 'steps', 'gradient_accumulation_steps': 64, 'gradient_checkpointing': True, 'hub_strategy': 'end', 'learning_rate': 5e-05, 'logging_steps': 1, 'lr_scheduler_type': 'linear', 'max_grad_norm': 1, 'max_length': 2048, 'max_steps': -1, 'num_train_epochs': 2, 'optim': 'adamw_torch', 'per_device_eval_batch_size': 14, 'per_device_train_batch_size': 1, 'remove_unused_columns': True, 'report_to': 'wandb', 'save_strategy': 'best', 'save_total_limit': 1, 'torch_compile': False, 'warmup_ratio': 0.2}",True,,,,1,,False,False,True,,50,1,False,,,bfloat16,,,False,False,,4.54.1,1,False,True,False,False,False,False,False,False,False,151936,0.2,0,0,finished,0r7lchfg,74qn8s5d
117432.521014762,5152,1754919110.0604713,117432,0.03415663540363312,0.9898779245728221,0.0038,90039167,202.8065,24.649,1.765,,,,,,0.77239590883255,0.0038,207.3322,24.111,1.727,,,,0.2144,0.2124,0.1084,,62.66573314662933,4950,0.2294921875,2.3346518987341773e-05,0.0317,0.9847928946837783,90507462,90507462,778.935,,116193.9138,,,"{'dispatch_batches': None, 'even_batches': True, 'gradient_accumulation_kwargs': None, 'non_blocking': False, 'split_batches': False, 'use_seedable_sampler': True}",False,False,0.9,0.999,1e-08,False,['Qwen2ForCausalLM'],False,0,False,False,,False,,True,False,151643,,0,,,"{'dataset': 'EleutherAI/minerva_math', 'shuffle_seed': 0}",0,False,4,False,True,4,,,input_ids,,,,,1800,[],,,False,0,True,False,False,False,False,64,0,<EOS_TOKEN>,151643,,0,True,True,,25,steps,False,,,,,False,auto,False,O1,[],"{'min_num_params': 0, 'xla': False, 'xla_fsdp_grad_ckpt': False, 'xla_fsdp_v2': False}",0,,False,64,True,,False,False,auto,silu,2048,False,RylanSchaeffer/mem_model_Qwen2.5-3B_dataset_minerva_math_epochs_100_seed_0,True,,end,<HUB_TOKEN>,"{'0': 'LABEL_0', '1': 'LABEL_1'}",False,[],False,True,False,0.02,11008,False,False,False,"{'LABEL_0': 0, 'LABEL_1': 1}",,0,"['full_attention', 'full_attention', 'full_attention', 'full_attention', 'full_attention', 'full_attention', 'full_attention', 'full_attention', 'full_attention', 'full_attention', 'full_attention', 'full_attention', 'full_attention', 'full_attention', 'full_attention', 'full_attention', 'full_attention', 'full_attention', 'full_attention', 'full_attention', 'full_attention', 'full_attention', 'full_attention', 'full_attention', 'full_attention', 'full_attention', 'full_attention', 'full_attention', 'full_attention', 'full_attention', 'full_attention', 'full_attention', 'full_attention', 'full_attention', 'full_attention', 'full_attention']",5e-05,length,1,,{'max_batch_size': 512},False,0,passive,warning,True,models/sft_language_model/mem_model_Qwen2.5-3B_dataset_minerva_math_epochs_100_seed_0/runs/Aug09_22-11-32_skampere1,False,True,1,steps,linear,1,2048,32768,-1,36,eval_loss,0,3085938688,"{'attn_implementation': 'eager', 'device_map': 'auto', 'initial_model_name_or_path': 'Qwen/Qwen2.5-3B', 'torch_dtype': 'bfloat16'}",,qwen2,,,False,0,16,1,1,36,2,1,100,adamw_torch,,,False,models/sft_language_model/mem_model_Qwen2.5-3B_dataset_minerva_math_epochs_100_seed_0,False,False,False,False,bfd,,<PAD_TOKEN>,,False,-1,14,1,,,False,,,False,,,<PUSH_TO_HUB_TOKEN>,last,False,True,1,['wandb'],False,,True,False,1e-06,,1000000,dazzling-sweep-14,False,False,True,500,best,1,0,,"{'data_seed': 0, 'dataloader_drop_last': True, 'dataloader_num_workers': 4, 'dataloader_prefetch_factor': 4, 'eval_on_start': True, 'eval_steps': 25, 'eval_strategy': 'steps', 'gradient_accumulation_steps': 64, 'gradient_checkpointing': True, 'hub_strategy': 'end', 'learning_rate': 5e-05, 'logging_steps': 1, 'lr_scheduler_type': 'linear', 'max_grad_norm': 1, 'max_length': 2048, 'max_steps': -1, 'num_train_epochs': 100, 'optim': 'adamw_torch', 'per_device_eval_batch_size': 14, 'per_device_train_batch_size': 1, 'remove_unused_columns': True, 'report_to': 'wandb', 'save_strategy': 'best', 'save_total_limit': 1, 'torch_compile': False, 'warmup_ratio': 0.2}",True,,,,1,,False,False,True,,50,1,False,,,bfloat16,,,False,False,,4.54.1,1,False,True,False,False,False,False,False,False,False,151936,0.2,0,0,crashed,0r7lchfg,kktoiipx
20370.0,750,1754805193.674346,20370,0.05140570178627968,0.9866842299533289,0.0038,12998061,202.6385,24.67,1.767,0.05140570178627968,0.0038,202.6385,24.67,1.767,0.77239590883255,0.0038,206.379,24.222,1.735,0.5392,0.5354,0.4124,0.2144,0.2056,0.1104,2.1640007156207616e+17,9.0,711,1.5078125,8.802816901408451e-08,0.0353,0.9806492073195321,12998061,12998061,732.016,0.26253599800829647,17756.5154,2.534,0.04,"{'dispatch_batches': None, 'even_batches': True, 'gradient_accumulation_kwargs': None, 'non_blocking': False, 'split_batches': False, 'use_seedable_sampler': True}",False,False,0.9,0.999,1e-08,False,['Qwen2ForCausalLM'],False,0,False,False,,False,,True,False,151643,,0,,,"{'dataset': 'EleutherAI/minerva_math', 'shuffle_seed': 0}",0,False,4,False,True,4,,,input_ids,,,,,1800,[],,,False,0,True,False,False,False,False,64,0,<EOS_TOKEN>,151643,,0,True,True,,25,steps,False,,,,,False,auto,False,O1,[],"{'min_num_params': 0, 'xla': False, 'xla_fsdp_grad_ckpt': False, 'xla_fsdp_v2': False}",0,,False,64,True,,False,False,auto,silu,2048,False,RylanSchaeffer/mem_model_Qwen2.5-3B_dataset_minerva_math_epochs_9_seed_0,True,,end,<HUB_TOKEN>,"{'0': 'LABEL_0', '1': 'LABEL_1'}",False,[],False,True,False,0.02,11008,False,False,False,"{'LABEL_0': 0, 'LABEL_1': 1}",,0,"['full_attention', 'full_attention', 'full_attention', 'full_attention', 'full_attention', 'full_attention', 'full_attention', 'full_attention', 'full_attention', 'full_attention', 'full_attention', 'full_attention', 'full_attention', 'full_attention', 'full_attention', 'full_attention', 'full_attention', 'full_attention', 'full_attention', 'full_attention', 'full_attention', 'full_attention', 'full_attention', 'full_attention', 'full_attention', 'full_attention', 'full_attention', 'full_attention', 'full_attention', 'full_attention', 'full_attention', 'full_attention', 'full_attention', 'full_attention', 'full_attention', 'full_attention']",5e-05,length,1,,{'max_batch_size': 512},False,0,passive,warning,True,models/sft_language_model/mem_model_Qwen2.5-3B_dataset_minerva_math_epochs_9_seed_0/runs/Aug09_17-30-44_skampere1,False,True,1,steps,linear,1,2048,32768,-1,36,eval_loss,0,3085938688,"{'attn_implementation': 'eager', 'device_map': 'auto', 'initial_model_name_or_path': 'Qwen/Qwen2.5-3B', 'torch_dtype': 'bfloat16'}",,qwen2,,,False,0,16,1,1,36,2,1,9,adamw_torch,,,False,models/sft_language_model/mem_model_Qwen2.5-3B_dataset_minerva_math_epochs_9_seed_0,False,False,False,False,bfd,,<PAD_TOKEN>,,False,-1,14,1,,,False,,,False,,,<PUSH_TO_HUB_TOKEN>,last,False,True,1,['wandb'],False,,True,False,1e-06,,1000000,fluent-sweep-9,False,False,True,500,best,1,0,,"{'data_seed': 0, 'dataloader_drop_last': True, 'dataloader_num_workers': 4, 'dataloader_prefetch_factor': 4, 'eval_on_start': True, 'eval_steps': 25, 'eval_strategy': 'steps', 'gradient_accumulation_steps': 64, 'gradient_checkpointing': True, 'hub_strategy': 'end', 'learning_rate': 5e-05, 'logging_steps': 1, 'lr_scheduler_type': 'linear', 'max_grad_norm': 1, 'max_length': 2048, 'max_steps': -1, 'num_train_epochs': 9, 'optim': 'adamw_torch', 'per_device_eval_batch_size': 14, 'per_device_train_batch_size': 1, 'remove_unused_columns': True, 'report_to': 'wandb', 'save_strategy': 'best', 'save_total_limit': 1, 'torch_compile': False, 'warmup_ratio': 0.2}",True,,,,1,,False,False,True,,50,1,False,,,bfloat16,,,False,False,,4.54.1,1,False,True,False,False,False,False,False,False,False,151936,0.2,0,0,finished,0r7lchfg,i6ses7sk
66279.298135149,2864,1754919075.1231685,66279,0.5438039898872375,0.8439947419992372,0.0038,49832238,201.5694,24.8,1.776,,,,,,0.77239590883255,0.0038,205.62,24.312,1.741,,,,0.211,0.2106,0.118,,34.81936387277455,2750,1.8671875,8.699367088607595e-06,0.5333,0.8296996094286442,50286410,50286410,773.016,,65052.2573,,,"{'dispatch_batches': None, 'even_batches': True, 'gradient_accumulation_kwargs': None, 'non_blocking': False, 'split_batches': False, 'use_seedable_sampler': True}",False,False,0.9,0.999,1e-08,False,['Qwen2ForCausalLM'],False,0,False,False,,False,,True,False,151643,,0,,,"{'dataset': 'EleutherAI/minerva_math', 'shuffle_seed': 0}",0,False,4,False,True,4,,,input_ids,,,,,1800,[],,,False,0,True,False,False,False,False,64,0,<EOS_TOKEN>,151643,,0,True,True,,25,steps,False,,,,,False,auto,False,O1,[],"{'min_num_params': 0, 'xla': False, 'xla_fsdp_grad_ckpt': False, 'xla_fsdp_v2': False}",0,,False,64,True,,False,False,auto,silu,2048,False,RylanSchaeffer/mem_model_Qwen2.5-3B_dataset_minerva_math_epochs_1000_seed_0,True,,end,<HUB_TOKEN>,"{'0': 'LABEL_0', '1': 'LABEL_1'}",False,[],False,True,False,0.02,11008,False,False,False,"{'LABEL_0': 0, 'LABEL_1': 1}",,0,"['full_attention', 'full_attention', 'full_attention', 'full_attention', 'full_attention', 'full_attention', 'full_attention', 'full_attention', 'full_attention', 'full_attention', 'full_attention', 'full_attention', 'full_attention', 'full_attention', 'full_attention', 'full_attention', 'full_attention', 'full_attention', 'full_attention', 'full_attention', 'full_attention', 'full_attention', 'full_attention', 'full_attention', 'full_attention', 'full_attention', 'full_attention', 'full_attention', 'full_attention', 'full_attention', 'full_attention', 'full_attention', 'full_attention', 'full_attention', 'full_attention', 'full_attention']",5e-05,length,1,,{'max_batch_size': 512},False,0,passive,warning,True,models/sft_language_model/mem_model_Qwen2.5-3B_dataset_minerva_math_epochs_1000_seed_0/runs/Aug10_12-23-20_skampere1,False,True,1,steps,linear,1,2048,32768,-1,36,eval_loss,0,3085938688,"{'attn_implementation': 'eager', 'device_map': 'auto', 'initial_model_name_or_path': 'Qwen/Qwen2.5-3B', 'torch_dtype': 'bfloat16'}",,qwen2,,,False,0,16,1,1,36,2,1,1000,adamw_torch,,,False,models/sft_language_model/mem_model_Qwen2.5-3B_dataset_minerva_math_epochs_1000_seed_0,False,False,False,False,bfd,,<PAD_TOKEN>,,False,-1,14,1,,,False,,,False,,,<PUSH_TO_HUB_TOKEN>,last,False,True,1,['wandb'],False,,True,False,1e-06,,1000000,robust-sweep-18,False,False,True,500,best,1,0,,"{'data_seed': 0, 'dataloader_drop_last': True, 'dataloader_num_workers': 4, 'dataloader_prefetch_factor': 4, 'eval_on_start': True, 'eval_steps': 25, 'eval_strategy': 'steps', 'gradient_accumulation_steps': 64, 'gradient_checkpointing': True, 'hub_strategy': 'end', 'learning_rate': 5e-05, 'logging_steps': 1, 'lr_scheduler_type': 'linear', 'max_grad_norm': 1, 'max_length': 2048, 'max_steps': -1, 'num_train_epochs': 1000, 'optim': 'adamw_torch', 'per_device_eval_batch_size': 14, 'per_device_train_batch_size': 1, 'remove_unused_columns': True, 'report_to': 'wandb', 'save_strategy': 'best', 'save_total_limit': 1, 'torch_compile': False, 'warmup_ratio': 0.2}",True,,,,1,,False,False,True,,50,1,False,,,bfloat16,,,False,False,,4.54.1,1,False,True,False,False,False,False,False,False,False,151936,0.2,0,0,crashed,0r7lchfg,5gvwyvez
12095.0,421,1754788469.9882133,12095,0.21684665977954865,0.9361889961711521,0.0037,7221145,202.443,24.693,1.768,0.21684665977954865,0.0037,202.443,24.693,1.768,0.77239590883255,0.0037,209.3822,23.875,1.71,0.3196,0.3134,0.2548,0.2166,0.2064,0.121,1.202222619789312e+17,5.0,395,3.359375,1.5822784810126582e-07,0.1422,0.955471396446228,7221145,7221145,761.723,0.3882292383456532,9480.0112,2.637,0.042,"{'dispatch_batches': None, 'even_batches': True, 'gradient_accumulation_kwargs': None, 'non_blocking': False, 'split_batches': False, 'use_seedable_sampler': True}",False,False,0.9,0.999,1e-08,False,['Qwen2ForCausalLM'],False,0,False,False,,False,,True,False,151643,,0,,,"{'dataset': 'EleutherAI/minerva_math', 'shuffle_seed': 0}",0,False,4,False,True,4,,,input_ids,,,,,1800,[],,,False,0,True,False,False,False,False,64,0,<EOS_TOKEN>,151643,,0,True,True,,25,steps,False,,,,,False,auto,False,O1,[],"{'min_num_params': 0, 'xla': False, 'xla_fsdp_grad_ckpt': False, 'xla_fsdp_v2': False}",0,,False,64,True,,False,False,auto,silu,2048,False,RylanSchaeffer/mem_model_Qwen2.5-3B_dataset_minerva_math_epochs_5_seed_0,True,,end,<HUB_TOKEN>,"{'0': 'LABEL_0', '1': 'LABEL_1'}",False,[],False,True,False,0.02,11008,False,False,False,"{'LABEL_0': 0, 'LABEL_1': 1}",,0,"['full_attention', 'full_attention', 'full_attention', 'full_attention', 'full_attention', 'full_attention', 'full_attention', 'full_attention', 'full_attention', 'full_attention', 'full_attention', 'full_attention', 'full_attention', 'full_attention', 'full_attention', 'full_attention', 'full_attention', 'full_attention', 'full_attention', 'full_attention', 'full_attention', 'full_attention', 'full_attention', 'full_attention', 'full_attention', 'full_attention', 'full_attention', 'full_attention', 'full_attention', 'full_attention', 'full_attention', 'full_attention', 'full_attention', 'full_attention', 'full_attention', 'full_attention']",5e-05,length,1,,{'max_batch_size': 512},False,0,passive,warning,True,models/sft_language_model/mem_model_Qwen2.5-3B_dataset_minerva_math_epochs_5_seed_0/runs/Aug09_15-09-53_skampere1,False,True,1,steps,linear,1,2048,32768,-1,36,eval_loss,0,3085938688,"{'attn_implementation': 'eager', 'device_map': 'auto', 'initial_model_name_or_path': 'Qwen/Qwen2.5-3B', 'torch_dtype': 'bfloat16'}",,qwen2,,,False,0,16,1,1,36,2,1,5,adamw_torch,,,False,models/sft_language_model/mem_model_Qwen2.5-3B_dataset_minerva_math_epochs_5_seed_0,False,False,False,False,bfd,,<PAD_TOKEN>,,False,-1,14,1,,,False,,,False,,,<PUSH_TO_HUB_TOKEN>,last,False,True,1,['wandb'],False,,True,False,1e-06,,1000000,bumbling-sweep-5,False,False,True,500,best,1,0,,"{'data_seed': 0, 'dataloader_drop_last': True, 'dataloader_num_workers': 4, 'dataloader_prefetch_factor': 4, 'eval_on_start': True, 'eval_steps': 25, 'eval_strategy': 'steps', 'gradient_accumulation_steps': 64, 'gradient_checkpointing': True, 'hub_strategy': 'end', 'learning_rate': 5e-05, 'logging_steps': 1, 'lr_scheduler_type': 'linear', 'max_grad_norm': 1, 'max_length': 2048, 'max_steps': -1, 'num_train_epochs': 5, 'optim': 'adamw_torch', 'per_device_eval_batch_size': 14, 'per_device_train_batch_size': 1, 'remove_unused_columns': True, 'report_to': 'wandb', 'save_strategy': 'best', 'save_total_limit': 1, 'torch_compile': False, 'warmup_ratio': 0.2}",True,,,,1,,False,False,True,,50,1,False,,,bfloat16,,,False,False,,4.54.1,1,False,True,False,False,False,False,False,False,False,151936,0.2,0,0,finished,0r7lchfg,3t0qmgix
13963.0,503,1754790343.6175704,13963,0.1576271504163742,0.9544375791895988,0.0039,8665374,201.9333,24.756,1.773,0.1576271504163742,0.0039,201.9333,24.756,1.773,0.77239590883255,0.0039,206.4981,24.208,1.734,0.3354,0.33,0.2696,0.2122,0.2124,0.1064,1.4426671437471744e+17,6.0,474,5.65625,1.319261213720317e-07,0.2093,0.9447088837623596,8665374,8665374,764.996,0.34967139168379174,11327.3528,2.648,0.042,"{'dispatch_batches': None, 'even_batches': True, 'gradient_accumulation_kwargs': None, 'non_blocking': False, 'split_batches': False, 'use_seedable_sampler': True}",False,False,0.9,0.999,1e-08,False,['Qwen2ForCausalLM'],False,0,False,False,,False,,True,False,151643,,0,,,"{'dataset': 'EleutherAI/minerva_math', 'shuffle_seed': 0}",0,False,4,False,True,4,,,input_ids,,,,,1800,[],,,False,0,True,False,False,False,False,64,0,<EOS_TOKEN>,151643,,0,True,True,,25,steps,False,,,,,False,auto,False,O1,[],"{'min_num_params': 0, 'xla': False, 'xla_fsdp_grad_ckpt': False, 'xla_fsdp_v2': False}",0,,False,64,True,,False,False,auto,silu,2048,False,RylanSchaeffer/mem_model_Qwen2.5-3B_dataset_minerva_math_epochs_6_seed_0,True,,end,<HUB_TOKEN>,"{'0': 'LABEL_0', '1': 'LABEL_1'}",False,[],False,True,False,0.02,11008,False,False,False,"{'LABEL_0': 0, 'LABEL_1': 1}",,0,"['full_attention', 'full_attention', 'full_attention', 'full_attention', 'full_attention', 'full_attention', 'full_attention', 'full_attention', 'full_attention', 'full_attention', 'full_attention', 'full_attention', 'full_attention', 'full_attention', 'full_attention', 'full_attention', 'full_attention', 'full_attention', 'full_attention', 'full_attention', 'full_attention', 'full_attention', 'full_attention', 'full_attention', 'full_attention', 'full_attention', 'full_attention', 'full_attention', 'full_attention', 'full_attention', 'full_attention', 'full_attention', 'full_attention', 'full_attention', 'full_attention', 'full_attention']",5e-05,length,1,,{'max_batch_size': 512},False,0,passive,warning,True,models/sft_language_model/mem_model_Qwen2.5-3B_dataset_minerva_math_epochs_6_seed_0/runs/Aug09_15-09-45_skampere1,False,True,1,steps,linear,1,2048,32768,-1,36,eval_loss,0,3085938688,"{'attn_implementation': 'eager', 'device_map': 'auto', 'initial_model_name_or_path': 'Qwen/Qwen2.5-3B', 'torch_dtype': 'bfloat16'}",,qwen2,,,False,0,16,1,1,36,2,1,6,adamw_torch,,,False,models/sft_language_model/mem_model_Qwen2.5-3B_dataset_minerva_math_epochs_6_seed_0,False,False,False,False,bfd,,<PAD_TOKEN>,,False,-1,14,1,,,False,,,False,,,<PUSH_TO_HUB_TOKEN>,last,False,True,1,['wandb'],False,,True,False,1e-06,,1000000,good-sweep-6,False,False,True,500,best,1,0,,"{'data_seed': 0, 'dataloader_drop_last': True, 'dataloader_num_workers': 4, 'dataloader_prefetch_factor': 4, 'eval_on_start': True, 'eval_steps': 25, 'eval_strategy': 'steps', 'gradient_accumulation_steps': 64, 'gradient_checkpointing': True, 'hub_strategy': 'end', 'learning_rate': 5e-05, 'logging_steps': 1, 'lr_scheduler_type': 'linear', 'max_grad_norm': 1, 'max_length': 2048, 'max_steps': -1, 'num_train_epochs': 6, 'optim': 'adamw_torch', 'per_device_eval_batch_size': 14, 'per_device_train_batch_size': 1, 'remove_unused_columns': True, 'report_to': 'wandb', 'save_strategy': 'best', 'save_total_limit': 1, 'torch_compile': False, 'warmup_ratio': 0.2}",True,,,,1,,False,False,True,,50,1,False,,,bfloat16,,,False,False,,4.54.1,1,False,True,False,False,False,False,False,False,False,151936,0.2,0,0,finished,0r7lchfg,1xienaor
6668.0,175,1754783026.262425,6668,0.4561096429824829,0.8662193201107686,0.0038,2888458,203.592,24.554,1.758,0.4561096429824829,0.0038,203.592,24.554,1.758,0.77239590883255,0.0038,211.4045,23.647,1.693,0.3238,0.3134,0.1942,0.2166,0.2132,0.1096,4.808890479157248e+16,2.0,158,4.21875,3.9682539682539683e-07,0.497,0.8593126024518695,2888458,2888458,720.933,0.5446547482964359,4006.5561,2.495,0.039,"{'dispatch_batches': None, 'even_batches': True, 'gradient_accumulation_kwargs': None, 'non_blocking': False, 'split_batches': False, 'use_seedable_sampler': True}",False,False,0.9,0.999,1e-08,False,['Qwen2ForCausalLM'],False,0,False,False,,False,,True,False,151643,,0,,,"{'dataset': 'EleutherAI/minerva_math', 'shuffle_seed': 0}",0,False,4,False,True,4,,,input_ids,,,,,1800,[],,,False,0,True,False,False,False,False,64,0,<EOS_TOKEN>,151643,,0,True,True,,25,steps,False,,,,,False,auto,False,O1,[],"{'min_num_params': 0, 'xla': False, 'xla_fsdp_grad_ckpt': False, 'xla_fsdp_v2': False}",0,,False,64,True,,False,False,auto,silu,2048,False,RylanSchaeffer/mem_model_Qwen2.5-3B_dataset_minerva_math_epochs_2_seed_0,True,,end,<HUB_TOKEN>,"{'0': 'LABEL_0', '1': 'LABEL_1'}",False,[],False,True,False,0.02,11008,False,False,False,"{'LABEL_0': 0, 'LABEL_1': 1}",,0,"['full_attention', 'full_attention', 'full_attention', 'full_attention', 'full_attention', 'full_attention', 'full_attention', 'full_attention', 'full_attention', 'full_attention', 'full_attention', 'full_attention', 'full_attention', 'full_attention', 'full_attention', 'full_attention', 'full_attention', 'full_attention', 'full_attention', 'full_attention', 'full_attention', 'full_attention', 'full_attention', 'full_attention', 'full_attention', 'full_attention', 'full_attention', 'full_attention', 'full_attention', 'full_attention', 'full_attention', 'full_attention', 'full_attention', 'full_attention', 'full_attention', 'full_attention']",5e-05,length,1,,{'max_batch_size': 512},False,0,passive,warning,True,models/sft_language_model/mem_model_Qwen2.5-3B_dataset_minerva_math_epochs_2_seed_0/runs/Aug09_15-09-50_skampere1,False,True,1,steps,linear,1,2048,32768,-1,36,eval_loss,0,3085938688,"{'attn_implementation': 'eager', 'device_map': 'auto', 'initial_model_name_or_path': 'Qwen/Qwen2.5-3B', 'torch_dtype': 'bfloat16'}",,qwen2,,,False,0,16,1,1,36,2,1,2,adamw_torch,,,False,models/sft_language_model/mem_model_Qwen2.5-3B_dataset_minerva_math_epochs_2_seed_0,False,False,False,False,bfd,,<PAD_TOKEN>,,False,-1,14,1,,,False,,,False,,,<PUSH_TO_HUB_TOKEN>,last,False,True,1,['wandb'],False,,True,False,1e-06,,1000000,pretty-sweep-2,False,False,True,500,best,1,0,,"{'data_seed': 0, 'dataloader_drop_last': True, 'dataloader_num_workers': 4, 'dataloader_prefetch_factor': 4, 'eval_on_start': True, 'eval_steps': 25, 'eval_strategy': 'steps', 'gradient_accumulation_steps': 64, 'gradient_checkpointing': True, 'hub_strategy': 'end', 'learning_rate': 5e-05, 'logging_steps': 1, 'lr_scheduler_type': 'linear', 'max_grad_norm': 1, 'max_length': 2048, 'max_steps': -1, 'num_train_epochs': 2, 'optim': 'adamw_torch', 'per_device_eval_batch_size': 14, 'per_device_train_batch_size': 1, 'remove_unused_columns': True, 'report_to': 'wandb', 'save_strategy': 'best', 'save_total_limit': 1, 'torch_compile': False, 'warmup_ratio': 0.2}",True,,,,1,,False,False,True,,50,1,False,,,bfloat16,,,False,False,,4.54.1,1,False,True,False,False,False,False,False,False,False,151936,0.2,0,0,finished,0r7lchfg,6boc0tp9
62428.0,2640,1754852781.7446787,62428,0.03450930491089821,0.9898718397377589,0.0038,46215328,202.2816,24.713,1.77,0.03450930491089821,0.0038,202.2816,24.713,1.77,0.77239590883255,0.0038,205.9098,24.278,1.739,0.6402,0.6402,0.633,0.2166,0.213,0.1062,7.694224766651597e+17,32.0,2528,0.671875,2.4727992087042534e-08,0.0274,0.991323036806924,46215328,46215328,772.554,0.14168374400064232,59821.4839,2.674,0.042,"{'dispatch_batches': None, 'even_batches': True, 'gradient_accumulation_kwargs': None, 'non_blocking': False, 'split_batches': False, 'use_seedable_sampler': True}",False,False,0.9,0.999,1e-08,False,['Qwen2ForCausalLM'],False,0,False,False,,False,,True,False,151643,,0,,,"{'dataset': 'EleutherAI/minerva_math', 'shuffle_seed': 0}",0,False,4,False,True,4,,,input_ids,,,,,1800,[],,,False,0,True,False,False,False,False,64,0,<EOS_TOKEN>,151643,,0,True,True,,25,steps,False,,,,,False,auto,False,O1,[],"{'min_num_params': 0, 'xla': False, 'xla_fsdp_grad_ckpt': False, 'xla_fsdp_v2': False}",0,,False,64,True,,False,False,auto,silu,2048,False,RylanSchaeffer/mem_model_Qwen2.5-3B_dataset_minerva_math_epochs_32_seed_0,True,,end,<HUB_TOKEN>,"{'0': 'LABEL_0', '1': 'LABEL_1'}",False,[],False,True,False,0.02,11008,False,False,False,"{'LABEL_0': 0, 'LABEL_1': 1}",,0,"['full_attention', 'full_attention', 'full_attention', 'full_attention', 'full_attention', 'full_attention', 'full_attention', 'full_attention', 'full_attention', 'full_attention', 'full_attention', 'full_attention', 'full_attention', 'full_attention', 'full_attention', 'full_attention', 'full_attention', 'full_attention', 'full_attention', 'full_attention', 'full_attention', 'full_attention', 'full_attention', 'full_attention', 'full_attention', 'full_attention', 'full_attention', 'full_attention', 'full_attention', 'full_attention', 'full_attention', 'full_attention', 'full_attention', 'full_attention', 'full_attention', 'full_attention']",5e-05,length,1,,{'max_batch_size': 512},False,0,passive,warning,True,models/sft_language_model/mem_model_Qwen2.5-3B_dataset_minerva_math_epochs_32_seed_0/runs/Aug09_19-02-37_skampere1,False,True,1,steps,linear,1,2048,32768,-1,36,eval_loss,0,3085938688,"{'attn_implementation': 'eager', 'device_map': 'auto', 'initial_model_name_or_path': 'Qwen/Qwen2.5-3B', 'torch_dtype': 'bfloat16'}",,qwen2,,,False,0,16,1,1,36,2,1,32,adamw_torch,,,False,models/sft_language_model/mem_model_Qwen2.5-3B_dataset_minerva_math_epochs_32_seed_0,False,False,False,False,bfd,,<PAD_TOKEN>,,False,-1,14,1,,,False,,,False,,,<PUSH_TO_HUB_TOKEN>,last,False,True,1,['wandb'],False,,True,False,1e-06,,1000000,cosmic-sweep-12,False,False,True,500,best,1,0,,"{'data_seed': 0, 'dataloader_drop_last': True, 'dataloader_num_workers': 4, 'dataloader_prefetch_factor': 4, 'eval_on_start': True, 'eval_steps': 25, 'eval_strategy': 'steps', 'gradient_accumulation_steps': 64, 'gradient_checkpointing': True, 'hub_strategy': 'end', 'learning_rate': 5e-05, 'logging_steps': 1, 'lr_scheduler_type': 'linear', 'max_grad_norm': 1, 'max_length': 2048, 'max_steps': -1, 'num_train_epochs': 32, 'optim': 'adamw_torch', 'per_device_eval_batch_size': 14, 'per_device_train_batch_size': 1, 'remove_unused_columns': True, 'report_to': 'wandb', 'save_strategy': 'best', 'save_total_limit': 1, 'torch_compile': False, 'warmup_ratio': 0.2}",True,,,,1,,False,False,True,,50,1,False,,,bfloat16,,,False,False,,4.54.1,1,False,True,False,False,False,False,False,False,False,151936,0.2,0,0,finished,0r7lchfg,ie2djyyk
