protocol,sweep,run_id,Model,Parameters,Num. Replicas,Overtrain Multiplier,Temp.,n_problems,math_verify_score
0-shot,6y9dy2ow,85bd7akt,RylanSchaeffer/mem_Qwen3-34M_minerva_math_rep_0_sbst_1.0000_epch_1_ot_1,34M,0,1.0,0.0,5001,0.003799240151969606
0-shot,6y9dy2ow,pxpuuqno,RylanSchaeffer/mem_Qwen3-34M_minerva_math_rep_1_sbst_1.0000_epch_1_ot_1,34M,1,1.0,0.0,5001,0.0021995600879824036
0-shot,6y9dy2ow,d9pe6sxq,RylanSchaeffer/mem_Qwen3-34M_minerva_math_rep_3_sbst_1.0000_epch_1_ot_1,34M,3,1.0,0.0,5001,0.002599480103979204
0-shot,6y9dy2ow,3ehd21gb,RylanSchaeffer/mem_Qwen3-34M_minerva_math_rep_10_sbst_1.0000_epch_1_ot_1,34M,10,1.0,0.0,5001,0.007598480303939212
0-shot,6y9dy2ow,emz41aa6,RylanSchaeffer/mem_Qwen3-34M_minerva_math_rep_32_sbst_1.0000_epch_1_ot_1,34M,32,1.0,0.0,5001,0.016396720655868825
0-shot,6y9dy2ow,1w9evxo2,RylanSchaeffer/mem_Qwen3-34M_minerva_math_rep_100_sbst_1.0000_epch_1_ot_1,34M,100,1.0,0.0,5001,0.019396120775844832
0-shot,6y9dy2ow,ouadu6fe,RylanSchaeffer/mem_Qwen3-34M_minerva_math_rep_316_sbst_1.0000_epch_1_ot_1,34M,316,1.0,0.0,5001,0.07318536292741452
0-shot,5oo55o9s,w7lc21qi,RylanSchaeffer/mem_Qwen3-62M_minerva_math_rep_0_sbst_1.0000_epch_1_ot_1,62M,0,1.0,0.0,5001,0.01259748050389922
0-shot,5oo55o9s,q3hu7tjb,RylanSchaeffer/mem_Qwen3-62M_minerva_math_rep_1_sbst_1.0000_epch_1_ot_1,62M,1,1.0,0.0,5001,0.008798240351929614
0-shot,5oo55o9s,rbcd517k,RylanSchaeffer/mem_Qwen3-62M_minerva_math_rep_3_sbst_1.0000_epch_1_ot_1,62M,3,1.0,0.0,5001,0.014797040591881624
0-shot,5oo55o9s,fbe6vxot,RylanSchaeffer/mem_Qwen3-62M_minerva_math_rep_10_sbst_1.0000_epch_1_ot_1,62M,10,1.0,0.0,5001,0.016596680663867228
0-shot,5oo55o9s,24dudner,RylanSchaeffer/mem_Qwen3-62M_minerva_math_rep_32_sbst_1.0000_epch_1_ot_1,62M,32,1.0,0.0,5001,0.01779644071185763
0-shot,5oo55o9s,z4xx7jnx,RylanSchaeffer/mem_Qwen3-62M_minerva_math_rep_100_sbst_1.0000_epch_1_ot_1,62M,100,1.0,0.0,5001,0.07398520295940812
0-shot,5oo55o9s,kwtjxpou,RylanSchaeffer/mem_Qwen3-62M_minerva_math_rep_316_sbst_1.0000_epch_1_ot_1,62M,316,1.0,0.0,5001,0.7990401919616077
0-shot,q5uoy1eu,k4j7fof8,RylanSchaeffer/mem_Qwen3-93M_minerva_math_rep_0_sbst_1.0000_epch_1_ot_1,93M,0,1.0,0.0,5001,0.007398520295940812
0-shot,q5uoy1eu,qbkm68yd,RylanSchaeffer/mem_Qwen3-93M_minerva_math_rep_1_sbst_1.0000_epch_1_ot_1,93M,1,1.0,0.0,5001,0.013197360527894421
0-shot,q5uoy1eu,d8p2iszh,RylanSchaeffer/mem_Qwen3-93M_minerva_math_rep_3_sbst_1.0000_epch_1_ot_1,93M,3,1.0,0.0,5001,0.014197160567886422
0-shot,q5uoy1eu,zeiydfz2,RylanSchaeffer/mem_Qwen3-93M_minerva_math_rep_10_sbst_1.0000_epch_1_ot_1,93M,10,1.0,0.0,5001,0.01759648070385923
0-shot,q5uoy1eu,1vkk44fb,RylanSchaeffer/mem_Qwen3-93M_minerva_math_rep_32_sbst_1.0000_epch_1_ot_1,93M,32,1.0,0.0,5001,0.02539492101579684
0-shot,q5uoy1eu,7d18qqks,RylanSchaeffer/mem_Qwen3-93M_minerva_math_rep_100_sbst_1.0000_epch_1_ot_1,93M,100,1.0,0.0,5001,0.3729254149170166
0-shot,q5uoy1eu,5sd4yg0z,RylanSchaeffer/mem_Qwen3-93M_minerva_math_rep_316_sbst_1.0000_epch_1_ot_1,93M,316,1.0,0.0,5001,0.9872025594881024
0-shot,q5uoy1eu,yy0kmcsk,RylanSchaeffer/mem_Qwen3-93M_minerva_math_rep_1000_sbst_1.0000_epch_1_ot_1,93M,1000,1.0,0.0,5001,0.9994001199760048
0-shot,vnz1h147,c9boww7q,RylanSchaeffer/mem_Qwen3-153M_minerva_math_rep_0_sbst_1.0000_epch_1_ot_1,153M,0,1.0,0.0,5001,0.011797640471905619
0-shot,vnz1h147,ionurkem,RylanSchaeffer/mem_Qwen3-153M_minerva_math_rep_1_sbst_1.0000_epch_1_ot_1,153M,1,1.0,0.0,5001,0.01739652069586083
0-shot,vnz1h147,h1eof0ky,RylanSchaeffer/mem_Qwen3-153M_minerva_math_rep_3_sbst_1.0000_epch_1_ot_1,153M,3,1.0,0.0,5001,0.018196360727854428
0-shot,vnz1h147,fvzsslld,RylanSchaeffer/mem_Qwen3-153M_minerva_math_rep_10_sbst_1.0000_epch_1_ot_1,153M,10,1.0,0.0,5001,0.01779644071185763
0-shot,vnz1h147,4lmh2rch,RylanSchaeffer/mem_Qwen3-153M_minerva_math_rep_32_sbst_1.0000_epch_1_ot_1,153M,32,1.0,0.0,5001,0.02499500099980004
0-shot,vnz1h147,xqe689gl,RylanSchaeffer/mem_Qwen3-153M_minerva_math_rep_316_sbst_1.0000_epch_1_ot_1,153M,316,1.0,0.0,5001,1.0
0-shot,vnz1h147,kfeppd27,RylanSchaeffer/mem_Qwen3-153M_minerva_math_rep_1000_sbst_1.0000_epch_1_ot_1,153M,1000,1.0,0.0,5001,1.0
0-shot,vnz1h147,k9wg5tyo,RylanSchaeffer/mem_Qwen3-153M_minerva_math_rep_100_sbst_1.0000_epch_1_ot_1,153M,100,1.0,0.0,5001,0.8088382323535293
0-shot,39rugx2e,tkxvhxgf,RylanSchaeffer/mem_Qwen3-344M_minerva_math_rep_3_sbst_1.0000_epch_1_ot_1,344M,3,1.0,0.0,5001,0.015396920615876825
0-shot,39rugx2e,r0m0b7k1,RylanSchaeffer/mem_Qwen3-344M_minerva_math_rep_10_sbst_1.0000_epch_1_ot_1,344M,10,1.0,0.0,5001,0.021795640871825634
0-shot,39rugx2e,d3usgogz,RylanSchaeffer/mem_Qwen3-344M_minerva_math_rep_32_sbst_1.0000_epch_1_ot_1,344M,32,1.0,0.0,5001,0.1271745650869826
0-shot,39rugx2e,k7crfmph,RylanSchaeffer/mem_Qwen3-344M_minerva_math_rep_100_sbst_1.0000_epch_1_ot_1,344M,100,1.0,0.0,5001,0.9912017596480703
0-shot,39rugx2e,uq8sunma,RylanSchaeffer/mem_Qwen3-344M_minerva_math_rep_1000_sbst_1.0000_epch_1_ot_1,344M,1000,1.0,0.0,5001,1.0
0-shot,39rugx2e,1yml0np5,RylanSchaeffer/mem_Qwen3-344M_minerva_math_rep_3162_sbst_1.0000_epch_1_ot_1,344M,3162,1.0,0.0,5001,1.0
0-shot,39rugx2e,2qi0kpg7,RylanSchaeffer/mem_Qwen3-344M_minerva_math_rep_1_sbst_1.0000_epch_1_ot_1,344M,1,1.0,0.0,5001,0.012997400519896021
4-shot,qx2c4702,ve2vh284,RylanSchaeffer/mem_Qwen3-34M_minerva_math_rep_0_sbst_1.0000_epch_1_ot_1,34M,0,1.0,0.0,5001,0.0
4-shot,qx2c4702,tf0rswrx,RylanSchaeffer/mem_Qwen3-34M_minerva_math_rep_1_sbst_1.0000_epch_1_ot_1,34M,1,1.0,0.0,5001,0.0
4-shot,qx2c4702,189fsppt,RylanSchaeffer/mem_Qwen3-34M_minerva_math_rep_3_sbst_1.0000_epch_1_ot_1,34M,3,1.0,0.0,5001,0.0
4-shot,qx2c4702,x8jvk6g7,RylanSchaeffer/mem_Qwen3-34M_minerva_math_rep_10_sbst_1.0000_epch_1_ot_1,34M,10,1.0,0.0,5001,0.0003999200159968006
4-shot,qx2c4702,3u109t8v,RylanSchaeffer/mem_Qwen3-34M_minerva_math_rep_32_sbst_1.0000_epch_1_ot_1,34M,32,1.0,0.0,5001,0.006998600279944011
4-shot,qx2c4702,6qen2jn5,RylanSchaeffer/mem_Qwen3-34M_minerva_math_rep_100_sbst_1.0000_epch_1_ot_1,34M,100,1.0,0.0,5001,0.004999000199960008
4-shot,qx2c4702,nvfl9cbf,RylanSchaeffer/mem_Qwen3-34M_minerva_math_rep_316_sbst_1.0000_epch_1_ot_1,34M,316,1.0,0.0,5001,0.00599880023995201
4-shot,dkiui6we,ezh98p5z,RylanSchaeffer/mem_Qwen3-62M_minerva_math_rep_0_sbst_1.0000_epch_1_ot_1,62M,0,1.0,0.0,5001,0.0
4-shot,dkiui6we,brt4fkbb,RylanSchaeffer/mem_Qwen3-62M_minerva_math_rep_1_sbst_1.0000_epch_1_ot_1,62M,1,1.0,0.0,5001,0.0
4-shot,dkiui6we,hp1088ag,RylanSchaeffer/mem_Qwen3-62M_minerva_math_rep_3_sbst_1.0000_epch_1_ot_1,62M,3,1.0,0.0,5001,0.0015996800639872025
4-shot,dkiui6we,iwwlj8ug,RylanSchaeffer/mem_Qwen3-62M_minerva_math_rep_10_sbst_1.0000_epch_1_ot_1,62M,10,1.0,0.0,5001,0.0007998400319936012
4-shot,dkiui6we,gpgtcec5,RylanSchaeffer/mem_Qwen3-62M_minerva_math_rep_32_sbst_1.0000_epch_1_ot_1,62M,32,1.0,0.0,5001,0.0009998000399920016
4-shot,dkiui6we,jzqnwuit,RylanSchaeffer/mem_Qwen3-62M_minerva_math_rep_100_sbst_1.0000_epch_1_ot_1,62M,100,1.0,0.0,5001,0.0061987602479504095
4-shot,dkiui6we,hqseauvt,RylanSchaeffer/mem_Qwen3-62M_minerva_math_rep_316_sbst_1.0000_epch_1_ot_1,62M,316,1.0,0.0,5001,0.00599880023995201
4-shot,cx8y41bw,492evotv,RylanSchaeffer/mem_Qwen3-93M_minerva_math_rep_0_sbst_1.0000_epch_1_ot_1,93M,0,1.0,0.0,5001,0.0
4-shot,cx8y41bw,wtfxqh5j,RylanSchaeffer/mem_Qwen3-93M_minerva_math_rep_1_sbst_1.0000_epch_1_ot_1,93M,1,1.0,0.0,5001,0.0001999600079984003
4-shot,cx8y41bw,bvmztk5l,RylanSchaeffer/mem_Qwen3-93M_minerva_math_rep_3_sbst_1.0000_epch_1_ot_1,93M,3,1.0,0.0,5001,0.005398920215956809
4-shot,cx8y41bw,af4xkwn3,RylanSchaeffer/mem_Qwen3-93M_minerva_math_rep_10_sbst_1.0000_epch_1_ot_1,93M,10,1.0,0.0,5001,0.005398920215956809
4-shot,cx8y41bw,gd78rq01,RylanSchaeffer/mem_Qwen3-93M_minerva_math_rep_32_sbst_1.0000_epch_1_ot_1,93M,32,1.0,0.0,5001,0.005198960207958408
4-shot,cx8y41bw,h8r60oku,RylanSchaeffer/mem_Qwen3-93M_minerva_math_rep_100_sbst_1.0000_epch_1_ot_1,93M,100,1.0,0.0,5001,0.003599280143971206
4-shot,cx8y41bw,cqx6lcs4,RylanSchaeffer/mem_Qwen3-93M_minerva_math_rep_316_sbst_1.0000_epch_1_ot_1,93M,316,1.0,0.0,5001,0.005398920215956809
4-shot,cx8y41bw,jyco3jac,RylanSchaeffer/mem_Qwen3-93M_minerva_math_rep_1000_sbst_1.0000_epch_1_ot_1,93M,1000,1.0,0.0,5001,0.005198960207958408
4-shot,4w5x8hez,czdnhrm4,RylanSchaeffer/mem_Qwen3-153M_minerva_math_rep_0_sbst_1.0000_epch_1_ot_1,153M,0,1.0,0.0,5001,0.0
4-shot,4w5x8hez,08lgcuxw,RylanSchaeffer/mem_Qwen3-153M_minerva_math_rep_1_sbst_1.0000_epch_1_ot_1,153M,1,1.0,0.0,5001,0.0009998000399920016
4-shot,4w5x8hez,gd5bguur,RylanSchaeffer/mem_Qwen3-153M_minerva_math_rep_3_sbst_1.0000_epch_1_ot_1,153M,3,1.0,0.0,5001,0.001999600079984003
4-shot,4w5x8hez,4hm3z044,RylanSchaeffer/mem_Qwen3-153M_minerva_math_rep_10_sbst_1.0000_epch_1_ot_1,153M,10,1.0,0.0,5001,0.008998200359928014
4-shot,4w5x8hez,ah5tgh7l,RylanSchaeffer/mem_Qwen3-153M_minerva_math_rep_32_sbst_1.0000_epch_1_ot_1,153M,32,1.0,0.0,5001,0.009198160367926415
4-shot,4w5x8hez,gp83vvb6,RylanSchaeffer/mem_Qwen3-153M_minerva_math_rep_100_sbst_1.0000_epch_1_ot_1,153M,100,1.0,0.0,5001,0.011197760447910418
4-shot,4w5x8hez,98wtt8zm,RylanSchaeffer/mem_Qwen3-153M_minerva_math_rep_316_sbst_1.0000_epch_1_ot_1,153M,316,1.0,0.0,5001,0.007798440311937612
4-shot,4w5x8hez,gqlfp4a7,RylanSchaeffer/mem_Qwen3-153M_minerva_math_rep_1000_sbst_1.0000_epch_1_ot_1,153M,1000,1.0,0.0,5001,0.008798240351929614
4-shot,mprek7pj,uuli6cbt,RylanSchaeffer/mem_Qwen3-344M_minerva_math_rep_0_sbst_1.0000_epch_1_ot_1,344M,0,1.0,0.0,5001,0.0
4-shot,mprek7pj,nxv6vyso,RylanSchaeffer/mem_Qwen3-344M_minerva_math_rep_1_sbst_1.0000_epch_1_ot_1,344M,1,1.0,0.0,5001,0.0011997600479904018
4-shot,mprek7pj,mt5inbd0,RylanSchaeffer/mem_Qwen3-344M_minerva_math_rep_3_sbst_1.0000_epch_1_ot_1,344M,3,1.0,0.0,5001,0.002599480103979204
4-shot,mprek7pj,4ser4zca,RylanSchaeffer/mem_Qwen3-344M_minerva_math_rep_10_sbst_1.0000_epch_1_ot_1,344M,10,1.0,0.0,5001,0.002999400119976005
4-shot,mprek7pj,y9bz5yiv,RylanSchaeffer/mem_Qwen3-344M_minerva_math_rep_32_sbst_1.0000_epch_1_ot_1,344M,32,1.0,0.0,5001,0.0057988402319536095
4-shot,mprek7pj,k2zgtf8o,RylanSchaeffer/mem_Qwen3-344M_minerva_math_rep_100_sbst_1.0000_epch_1_ot_1,344M,100,1.0,0.0,5001,0.007398520295940812
4-shot,mprek7pj,msxk1e3o,RylanSchaeffer/mem_Qwen3-344M_minerva_math_rep_316_sbst_1.0000_epch_1_ot_1,344M,316,1.0,0.0,5001,0.0065986802639472104
4-shot,mprek7pj,m1l9g1hq,RylanSchaeffer/mem_Qwen3-344M_minerva_math_rep_1000_sbst_1.0000_epch_1_ot_1,344M,1000,1.0,0.0,5001,0.010397920415916816
4-shot,mprek7pj,9sa3gfmo,RylanSchaeffer/mem_Qwen3-344M_minerva_math_rep_3162_sbst_1.0000_epch_1_ot_1,344M,3162,1.0,0.0,5001,0.005198960207958408
