protocol,sweep,run_id,Model,Parameters,Num. Replicas,Overtrain Multiplier,Temp.,n_problems,math_verify_score,n_rescored,n_score_exceptions,logged_score,strict_score,boxed_rate
0-shot,6y9dy2ow,85bd7akt,RylanSchaeffer/mem_Qwen3-34M_minerva_math_rep_0_sbst_1.0000_epch_1_ot_1,34M,0,1.0,0.0,5001,0.0037992401519696,5001,0,0.003799240151969606,0.0,0.0
0-shot,6y9dy2ow,pxpuuqno,RylanSchaeffer/mem_Qwen3-34M_minerva_math_rep_1_sbst_1.0000_epch_1_ot_1,34M,1,1.0,0.0,5001,0.0021995600879824,5001,0,0.0021995600879824036,0.0,0.0
0-shot,6y9dy2ow,d9pe6sxq,RylanSchaeffer/mem_Qwen3-34M_minerva_math_rep_3_sbst_1.0000_epch_1_ot_1,34M,3,1.0,0.0,5001,0.0025994801039792,5001,0,0.002599480103979204,0.0,0.0033993201359728054
0-shot,6y9dy2ow,3ehd21gb,RylanSchaeffer/mem_Qwen3-34M_minerva_math_rep_10_sbst_1.0000_epch_1_ot_1,34M,10,1.0,0.0,5001,0.0075984803039392,5001,0,0.007598480303939212,0.0005998800239952009,0.021795640871825634
0-shot,6y9dy2ow,emz41aa6,RylanSchaeffer/mem_Qwen3-34M_minerva_math_rep_32_sbst_1.0000_epch_1_ot_1,34M,32,1.0,0.0,5001,0.0163967206558688,5001,0,0.016396720655868825,0.005598880223955209,0.15296940611877624
0-shot,6y9dy2ow,1w9evxo2,RylanSchaeffer/mem_Qwen3-34M_minerva_math_rep_100_sbst_1.0000_epch_1_ot_1,34M,100,1.0,0.0,5001,0.0193961207758448,5001,0,0.019396120775844832,0.016996600679864027,0.8830233953209358
0-shot,6y9dy2ow,ouadu6fe,RylanSchaeffer/mem_Qwen3-34M_minerva_math_rep_316_sbst_1.0000_epch_1_ot_1,34M,316,1.0,0.0,5001,0.0731853629274145,5001,0,0.07318536292741452,0.07218556288742252,0.9386122775444911
0-shot,5oo55o9s,w7lc21qi,RylanSchaeffer/mem_Qwen3-62M_minerva_math_rep_0_sbst_1.0000_epch_1_ot_1,62M,0,1.0,0.0,5001,0.0125974805038992,5001,0,0.01259748050389922,0.0,0.0
0-shot,5oo55o9s,q3hu7tjb,RylanSchaeffer/mem_Qwen3-62M_minerva_math_rep_1_sbst_1.0000_epch_1_ot_1,62M,1,1.0,0.0,5001,0.0087982403519296,5001,0,0.008798240351929614,0.0001999600079984003,0.001999600079984003
0-shot,5oo55o9s,rbcd517k,RylanSchaeffer/mem_Qwen3-62M_minerva_math_rep_3_sbst_1.0000_epch_1_ot_1,62M,3,1.0,0.0,5001,0.0147970405918816,5001,0,0.014797040591881624,0.0007998400319936012,0.04799040191961608
0-shot,5oo55o9s,fbe6vxot,RylanSchaeffer/mem_Qwen3-62M_minerva_math_rep_10_sbst_1.0000_epch_1_ot_1,62M,10,1.0,0.0,5001,0.0165966806638672,5001,0,0.016596680663867228,0.0,0.016996600679864027
0-shot,5oo55o9s,24dudner,RylanSchaeffer/mem_Qwen3-62M_minerva_math_rep_32_sbst_1.0000_epch_1_ot_1,62M,32,1.0,0.0,5001,0.0177964407118576,5001,0,0.01779644071185763,0.0065986802639472104,0.27594481103779245
0-shot,5oo55o9s,z4xx7jnx,RylanSchaeffer/mem_Qwen3-62M_minerva_math_rep_100_sbst_1.0000_epch_1_ot_1,62M,100,1.0,0.0,5001,0.0739852029594081,5001,0,0.07398520295940812,0.07298540291941612,0.9342131573685263
0-shot,5oo55o9s,kwtjxpou,RylanSchaeffer/mem_Qwen3-62M_minerva_math_rep_316_sbst_1.0000_epch_1_ot_1,62M,316,1.0,0.0,5001,0.7990401919616077,5001,0,0.7990401919616077,0.7978404319136173,0.9914017196560688
0-shot,q5uoy1eu,k4j7fof8,RylanSchaeffer/mem_Qwen3-93M_minerva_math_rep_0_sbst_1.0000_epch_1_ot_1,93M,0,1.0,0.0,5001,0.0073985202959408,5001,0,0.007398520295940812,0.0,0.0
0-shot,q5uoy1eu,qbkm68yd,RylanSchaeffer/mem_Qwen3-93M_minerva_math_rep_1_sbst_1.0000_epch_1_ot_1,93M,1,1.0,0.0,5001,0.0131973605278944,5001,0,0.013197360527894421,0.0,0.0065986802639472104
0-shot,q5uoy1eu,d8p2iszh,RylanSchaeffer/mem_Qwen3-93M_minerva_math_rep_3_sbst_1.0000_epch_1_ot_1,93M,3,1.0,0.0,5001,0.0141971605678864,5001,0,0.014197160567886422,0.0001999600079984003,0.010197960407918417
0-shot,q5uoy1eu,zeiydfz2,RylanSchaeffer/mem_Qwen3-93M_minerva_math_rep_10_sbst_1.0000_epch_1_ot_1,93M,10,1.0,0.0,5001,0.0175964807038592,5001,0,0.01759648070385923,0.0001999600079984003,0.017996400719856028
0-shot,q5uoy1eu,1vkk44fb,RylanSchaeffer/mem_Qwen3-93M_minerva_math_rep_32_sbst_1.0000_epch_1_ot_1,93M,32,1.0,0.0,5001,0.0253949210157968,5001,0,0.02539492101579684,0.014197160567886422,0.41451709658068386
0-shot,q5uoy1eu,7d18qqks,RylanSchaeffer/mem_Qwen3-93M_minerva_math_rep_100_sbst_1.0000_epch_1_ot_1,93M,100,1.0,0.0,5001,0.3729254149170166,5001,0,0.3729254149170166,0.37252549490101977,0.9414117176564687
0-shot,q5uoy1eu,5sd4yg0z,RylanSchaeffer/mem_Qwen3-93M_minerva_math_rep_316_sbst_1.0000_epch_1_ot_1,93M,316,1.0,0.0,5001,0.9872025594881024,5001,0,0.9872025594881024,0.9856028794241152,0.9996000799840032
0-shot,q5uoy1eu,yy0kmcsk,RylanSchaeffer/mem_Qwen3-93M_minerva_math_rep_1000_sbst_1.0000_epch_1_ot_1,93M,1000,1.0,0.0,5001,0.9994001199760048,5001,0,0.9994001199760048,0.9978004399120176,1.0
0-shot,vnz1h147,c9boww7q,RylanSchaeffer/mem_Qwen3-153M_minerva_math_rep_0_sbst_1.0000_epch_1_ot_1,153M,0,1.0,0.0,5001,0.0117976404719056,5001,0,0.011797640471905619,0.0,0.0
0-shot,vnz1h147,ionurkem,RylanSchaeffer/mem_Qwen3-153M_minerva_math_rep_1_sbst_1.0000_epch_1_ot_1,153M,1,1.0,0.0,5001,0.0173965206958608,5001,0,0.01739652069586083,0.0001999600079984003,0.009398120375924815
0-shot,vnz1h147,h1eof0ky,RylanSchaeffer/mem_Qwen3-153M_minerva_math_rep_3_sbst_1.0000_epch_1_ot_1,153M,3,1.0,0.0,5001,0.0181963607278544,5001,0,0.018196360727854428,0.0003999200159968006,0.01759648070385923
0-shot,vnz1h147,fvzsslld,RylanSchaeffer/mem_Qwen3-153M_minerva_math_rep_10_sbst_1.0000_epch_1_ot_1,153M,10,1.0,0.0,5001,0.0177964407118576,5001,0,0.01779644071185763,0.0007998400319936012,0.047190561887622474
0-shot,vnz1h147,4lmh2rch,RylanSchaeffer/mem_Qwen3-153M_minerva_math_rep_32_sbst_1.0000_epch_1_ot_1,153M,32,1.0,0.0,5001,0.0249950009998,5001,0,0.02499500099980004,0.020195960807838434,0.7196560687862428
0-shot,vnz1h147,xqe689gl,RylanSchaeffer/mem_Qwen3-153M_minerva_math_rep_316_sbst_1.0000_epch_1_ot_1,153M,316,1.0,0.0,5001,1.0,5001,0,1.0,0.9984003199360127,1.0
0-shot,vnz1h147,kfeppd27,RylanSchaeffer/mem_Qwen3-153M_minerva_math_rep_1000_sbst_1.0000_epch_1_ot_1,153M,1000,1.0,0.0,5001,1.0,5001,0,1.0,0.9984003199360127,1.0
0-shot,vnz1h147,k9wg5tyo,RylanSchaeffer/mem_Qwen3-153M_minerva_math_rep_100_sbst_1.0000_epch_1_ot_1,153M,100,1.0,0.0,5001,0.8088382323535293,5001,0,0.8088382323535293,0.8074385122975405,0.982003599280144
0-shot,39rugx2e,tkxvhxgf,RylanSchaeffer/mem_Qwen3-344M_minerva_math_rep_3_sbst_1.0000_epch_1_ot_1,344M,3,1.0,0.0,5001,0.0153969206158768,5001,0,0.015396920615876825,0.0005998800239952009,0.022395520895820836
0-shot,39rugx2e,r0m0b7k1,RylanSchaeffer/mem_Qwen3-344M_minerva_math_rep_10_sbst_1.0000_epch_1_ot_1,344M,10,1.0,0.0,5001,0.0217956408718256,5001,0,0.021795640871825634,0.002599480103979204,0.10577884423115377
0-shot,39rugx2e,d3usgogz,RylanSchaeffer/mem_Qwen3-344M_minerva_math_rep_32_sbst_1.0000_epch_1_ot_1,344M,32,1.0,0.0,5001,0.1271745650869826,5001,0,0.1271745650869826,0.1255748850229954,0.9120175964807039
0-shot,39rugx2e,k7crfmph,RylanSchaeffer/mem_Qwen3-344M_minerva_math_rep_100_sbst_1.0000_epch_1_ot_1,344M,100,1.0,0.0,5001,0.9912017596480704,5001,0,0.9912017596480703,0.9896020795840832,0.998000399920016
0-shot,39rugx2e,uq8sunma,RylanSchaeffer/mem_Qwen3-344M_minerva_math_rep_1000_sbst_1.0000_epch_1_ot_1,344M,1000,1.0,0.0,5001,1.0,5001,0,1.0,0.9984003199360127,1.0
0-shot,39rugx2e,1yml0np5,RylanSchaeffer/mem_Qwen3-344M_minerva_math_rep_3162_sbst_1.0000_epch_1_ot_1,344M,3162,1.0,0.0,5001,1.0,5001,0,1.0,0.9984003199360127,1.0
0-shot,39rugx2e,2qi0kpg7,RylanSchaeffer/mem_Qwen3-344M_minerva_math_rep_1_sbst_1.0000_epch_1_ot_1,344M,1,1.0,0.0,5001,0.012997400519896,5001,0,0.012997400519896021,0.0003999200159968006,0.01779644071185763
4-shot,qx2c4702,ve2vh284,RylanSchaeffer/mem_Qwen3-34M_minerva_math_rep_0_sbst_1.0000_epch_1_ot_1,34M,0,1.0,0.0,5001,0.0,5001,0,0.0,0.0,0.0
4-shot,qx2c4702,tf0rswrx,RylanSchaeffer/mem_Qwen3-34M_minerva_math_rep_1_sbst_1.0000_epch_1_ot_1,34M,1,1.0,0.0,5001,0.0,5001,0,0.0,0.0,0.0
4-shot,qx2c4702,189fsppt,RylanSchaeffer/mem_Qwen3-34M_minerva_math_rep_3_sbst_1.0000_epch_1_ot_1,34M,3,1.0,0.0,5001,0.0,5001,0,0.0,0.0,0.0
4-shot,qx2c4702,x8jvk6g7,RylanSchaeffer/mem_Qwen3-34M_minerva_math_rep_10_sbst_1.0000_epch_1_ot_1,34M,10,1.0,0.0,5001,0.0003999200159968,5001,0,0.0003999200159968006,0.0003999200159968006,0.010397920415916816
4-shot,qx2c4702,3u109t8v,RylanSchaeffer/mem_Qwen3-34M_minerva_math_rep_32_sbst_1.0000_epch_1_ot_1,34M,32,1.0,0.0,5001,0.006998600279944,5001,0,0.006998600279944011,0.006998600279944011,0.3853229354129174
4-shot,qx2c4702,6qen2jn5,RylanSchaeffer/mem_Qwen3-34M_minerva_math_rep_100_sbst_1.0000_epch_1_ot_1,34M,100,1.0,0.0,5001,0.00499900019996,5001,0,0.004999000199960008,0.004999000199960008,0.395120975804839
4-shot,qx2c4702,nvfl9cbf,RylanSchaeffer/mem_Qwen3-34M_minerva_math_rep_316_sbst_1.0000_epch_1_ot_1,34M,316,1.0,0.0,5001,0.005998800239952,5001,0,0.00599880023995201,0.00599880023995201,0.5198960207958409
4-shot,dkiui6we,ezh98p5z,RylanSchaeffer/mem_Qwen3-62M_minerva_math_rep_0_sbst_1.0000_epch_1_ot_1,62M,0,1.0,0.0,5001,0.0,5001,0,0.0,0.0,0.0
4-shot,dkiui6we,brt4fkbb,RylanSchaeffer/mem_Qwen3-62M_minerva_math_rep_1_sbst_1.0000_epch_1_ot_1,62M,1,1.0,0.0,5001,0.0,5001,0,0.0,0.0,0.0001999600079984003
4-shot,dkiui6we,hp1088ag,RylanSchaeffer/mem_Qwen3-62M_minerva_math_rep_3_sbst_1.0000_epch_1_ot_1,62M,3,1.0,0.0,5001,0.0015996800639872,5001,0,0.0015996800639872025,0.0015996800639872025,0.11097780443911218
4-shot,dkiui6we,iwwlj8ug,RylanSchaeffer/mem_Qwen3-62M_minerva_math_rep_10_sbst_1.0000_epch_1_ot_1,62M,10,1.0,0.0,5001,0.0007998400319936,5001,0,0.0007998400319936012,0.0007998400319936012,0.038592281543691265
4-shot,dkiui6we,gpgtcec5,RylanSchaeffer/mem_Qwen3-62M_minerva_math_rep_32_sbst_1.0000_epch_1_ot_1,62M,32,1.0,0.0,5001,0.000999800039992,5001,0,0.0009998000399920016,0.0009998000399920016,0.33213357328534293
4-shot,dkiui6we,jzqnwuit,RylanSchaeffer/mem_Qwen3-62M_minerva_math_rep_100_sbst_1.0000_epch_1_ot_1,62M,100,1.0,0.0,5001,0.0061987602479504,5001,0,0.0061987602479504095,0.0061987602479504095,0.6482703459308138
4-shot,dkiui6we,hqseauvt,RylanSchaeffer/mem_Qwen3-62M_minerva_math_rep_316_sbst_1.0000_epch_1_ot_1,62M,316,1.0,0.0,5001,0.005998800239952,5001,0,0.00599880023995201,0.00599880023995201,0.6594681063787242
4-shot,cx8y41bw,492evotv,RylanSchaeffer/mem_Qwen3-93M_minerva_math_rep_0_sbst_1.0000_epch_1_ot_1,93M,0,1.0,0.0,5001,0.0,5001,0,0.0,0.0,0.0
4-shot,cx8y41bw,wtfxqh5j,RylanSchaeffer/mem_Qwen3-93M_minerva_math_rep_1_sbst_1.0000_epch_1_ot_1,93M,1,1.0,0.0,5001,0.0001999600079984,5001,0,0.0001999600079984003,0.0001999600079984003,0.0631873625274945
4-shot,cx8y41bw,bvmztk5l,RylanSchaeffer/mem_Qwen3-93M_minerva_math_rep_3_sbst_1.0000_epch_1_ot_1,93M,3,1.0,0.0,5001,0.0053989202159568,5001,0,0.005398920215956809,0.005398920215956809,0.5998800239952009
4-shot,cx8y41bw,af4xkwn3,RylanSchaeffer/mem_Qwen3-93M_minerva_math_rep_10_sbst_1.0000_epch_1_ot_1,93M,10,1.0,0.0,5001,0.0053989202159568,5001,0,0.005398920215956809,0.005398920215956809,0.526494701059788
4-shot,cx8y41bw,gd78rq01,RylanSchaeffer/mem_Qwen3-93M_minerva_math_rep_32_sbst_1.0000_epch_1_ot_1,93M,32,1.0,0.0,5001,0.0051989602079584,5001,0,0.005198960207958408,0.005198960207958408,0.5684863027394521
4-shot,cx8y41bw,h8r60oku,RylanSchaeffer/mem_Qwen3-93M_minerva_math_rep_100_sbst_1.0000_epch_1_ot_1,93M,100,1.0,0.0,5001,0.0035992801439712,5001,0,0.003599280143971206,0.003599280143971206,0.6954609078184363
4-shot,cx8y41bw,cqx6lcs4,RylanSchaeffer/mem_Qwen3-93M_minerva_math_rep_316_sbst_1.0000_epch_1_ot_1,93M,316,1.0,0.0,5001,0.0053989202159568,5001,0,0.005398920215956809,0.005398920215956809,0.42911417716456707
4-shot,cx8y41bw,jyco3jac,RylanSchaeffer/mem_Qwen3-93M_minerva_math_rep_1000_sbst_1.0000_epch_1_ot_1,93M,1000,1.0,0.0,5001,0.0051989602079584,5001,0,0.005198960207958408,0.005198960207958408,0.5068986202759448
4-shot,4w5x8hez,czdnhrm4,RylanSchaeffer/mem_Qwen3-153M_minerva_math_rep_0_sbst_1.0000_epch_1_ot_1,153M,0,1.0,0.0,5001,0.0,5001,0,0.0,0.0,0.0
4-shot,4w5x8hez,08lgcuxw,RylanSchaeffer/mem_Qwen3-153M_minerva_math_rep_1_sbst_1.0000_epch_1_ot_1,153M,1,1.0,0.0,5001,0.000999800039992,5001,0,0.0009998000399920016,0.0009998000399920016,0.11737652469506099
4-shot,4w5x8hez,gd5bguur,RylanSchaeffer/mem_Qwen3-153M_minerva_math_rep_3_sbst_1.0000_epch_1_ot_1,153M,3,1.0,0.0,5001,0.001999600079984,5001,0,0.001999600079984003,0.001999600079984003,0.275744851029794
4-shot,4w5x8hez,4hm3z044,RylanSchaeffer/mem_Qwen3-153M_minerva_math_rep_10_sbst_1.0000_epch_1_ot_1,153M,10,1.0,0.0,5001,0.008998200359928,5001,0,0.008998200359928014,0.008998200359928014,0.5764847030593881
4-shot,4w5x8hez,ah5tgh7l,RylanSchaeffer/mem_Qwen3-153M_minerva_math_rep_32_sbst_1.0000_epch_1_ot_1,153M,32,1.0,0.0,5001,0.0091981603679264,5001,0,0.009198160367926415,0.009198160367926415,0.823635272945411
4-shot,4w5x8hez,gp83vvb6,RylanSchaeffer/mem_Qwen3-153M_minerva_math_rep_100_sbst_1.0000_epch_1_ot_1,153M,100,1.0,0.0,5001,0.0111977604479104,5001,0,0.011197760447910418,0.011197760447910418,0.886622675464907
4-shot,4w5x8hez,98wtt8zm,RylanSchaeffer/mem_Qwen3-153M_minerva_math_rep_316_sbst_1.0000_epch_1_ot_1,153M,316,1.0,0.0,5001,0.0077984403119376,5001,0,0.007798440311937612,0.007798440311937612,0.6028794241151769
4-shot,4w5x8hez,gqlfp4a7,RylanSchaeffer/mem_Qwen3-153M_minerva_math_rep_1000_sbst_1.0000_epch_1_ot_1,153M,1000,1.0,0.0,5001,0.0087982403519296,5001,0,0.008798240351929614,0.008798240351929614,0.6068786242751449
4-shot,mprek7pj,uuli6cbt,RylanSchaeffer/mem_Qwen3-344M_minerva_math_rep_0_sbst_1.0000_epch_1_ot_1,344M,0,1.0,0.0,5001,0.0,5001,0,0.0,0.0,0.0
4-shot,mprek7pj,nxv6vyso,RylanSchaeffer/mem_Qwen3-344M_minerva_math_rep_1_sbst_1.0000_epch_1_ot_1,344M,1,1.0,0.0,5001,0.0011997600479904,5001,0,0.0011997600479904018,0.0011997600479904018,0.2531493701259748
4-shot,mprek7pj,mt5inbd0,RylanSchaeffer/mem_Qwen3-344M_minerva_math_rep_3_sbst_1.0000_epch_1_ot_1,344M,3,1.0,0.0,5001,0.0025994801039792,5001,0,0.002599480103979204,0.002599480103979204,0.24235152969406118
4-shot,mprek7pj,4ser4zca,RylanSchaeffer/mem_Qwen3-344M_minerva_math_rep_10_sbst_1.0000_epch_1_ot_1,344M,10,1.0,0.0,5001,0.002999400119976,5001,0,0.002999400119976005,0.002999400119976005,0.21155768846230755
4-shot,mprek7pj,y9bz5yiv,RylanSchaeffer/mem_Qwen3-344M_minerva_math_rep_32_sbst_1.0000_epch_1_ot_1,344M,32,1.0,0.0,5001,0.0057988402319536,5001,0,0.0057988402319536095,0.0057988402319536095,0.5712857428514297
4-shot,mprek7pj,k2zgtf8o,RylanSchaeffer/mem_Qwen3-344M_minerva_math_rep_100_sbst_1.0000_epch_1_ot_1,344M,100,1.0,0.0,5001,0.0073985202959408,5001,0,0.007398520295940812,0.007398520295940812,0.6596680663867227
4-shot,mprek7pj,msxk1e3o,RylanSchaeffer/mem_Qwen3-344M_minerva_math_rep_316_sbst_1.0000_epch_1_ot_1,344M,316,1.0,0.0,5001,0.0065986802639472,5001,0,0.0065986802639472104,0.0065986802639472104,0.6202759448110378
4-shot,mprek7pj,m1l9g1hq,RylanSchaeffer/mem_Qwen3-344M_minerva_math_rep_1000_sbst_1.0000_epch_1_ot_1,344M,1000,1.0,0.0,5001,0.0103979204159168,5001,0,0.010397920415916816,0.010397920415916816,0.618876224755049
4-shot,mprek7pj,9sa3gfmo,RylanSchaeffer/mem_Qwen3-344M_minerva_math_rep_3162_sbst_1.0000_epch_1_ot_1,344M,3162,1.0,0.0,5001,0.0051989602079584,5001,0,0.005198960207958408,0.005198960207958408,0.5892821435712857
