Parameters,Num. Replicas,Temp.,math_verify_score,run_id
34M,0,0.0,0.003799240151969606,85bd7akt
34M,0,0.1,0.004199160167966407,8nrkq1cr
34M,0,0.1778,0.004199160167966407,slwm9efe
34M,0,0.3162,0.002599480103979204,7s9sjfwp
34M,0,0.5623,0.001799640071985603,q6chng1h
34M,0,1.0,0.013997200559888023,9w95kzro
34M,1,0.0,0.0021995600879824036,pxpuuqno
34M,1,0.1,0.001799640071985603,bzrerq1z
34M,1,0.1778,0.0023995200959808036,hpz7huy0
34M,1,0.3162,0.001799640071985603,dlpv92vh
34M,1,0.5623,0.0021995600879824036,85kacuse
34M,1,1.0,0.013997200559888023,qoj2xbhv
34M,3,0.0,0.002599480103979204,d9pe6sxq
34M,3,0.1,0.010397920415916816,dhez5g9m
34M,3,0.1778,0.011397720455908818,mxyil56p
34M,3,0.3162,0.007998400319936013,36jz6eta
34M,3,0.5623,0.0027994401119776045,ko0jltzz
34M,3,1.0,0.012397520495900819,t5r50uhk
34M,10,0.0,0.007598480303939212,3ehd21gb
34M,10,0.1,0.011397720455908818,fgc08mbv
34M,10,0.1778,0.008398320335932814,0hkm43jj
34M,10,0.3162,0.013797240551889621,uf3k227x
34M,10,0.5623,0.015596880623875225,tvid4yig
34M,10,1.0,0.012397520495900819,h4453wxi
34M,32,0.0,0.016396720655868825,emz41aa6
34M,32,0.1,0.018196360727854428,iw5o4z6d
34M,32,0.1778,0.017196560687862426,ixcjl30i
34M,32,0.3162,0.017196560687862426,jej7ir2b
34M,32,0.5623,0.016796640671865627,5zy26sz9
34M,32,1.0,0.014597080583883223,edbiu8zr
34M,100,0.0,0.019396120775844832,1w9evxo2
34M,100,0.1,0.01979604079184163,uit3vsq5
34M,100,0.1778,0.019596080783843232,lned69ky
34M,100,0.3162,0.014797040591881624,qavpoa01
34M,100,0.5623,0.014997000599880024,lsxni8vc
34M,100,1.0,0.011797640471905619,xn6avuhw
34M,316,0.0,0.07318536292741452,ouadu6fe
34M,316,0.1,0.07298540291941612,fgnv2i5o
34M,316,0.1778,0.0649870025994801,fewwa4xj
34M,316,0.3162,0.052789442111577684,2dtnmfnp
34M,316,0.5623,0.032993401319736056,4skx9q3a
34M,316,1.0,0.010197960407918417,lc4ldc0k
34M,0,0.75,0.003999200159968006,dab9inux
34M,0,0.938,0.008198360327934412,l7y253ps
34M,0,1.2915,0.022795440911817635,b26a037f
34M,0,1.5,0.0,k9izxwui
34M,1,0.75,0.003599280143971206,tfkvnusd
34M,1,0.938,0.0065986802639472104,8n3zetho
34M,1,1.2915,0.013597280543891222,zmwatvry
34M,1,1.5,0.009398120375924815,2qw4y7w8
34M,3,0.75,0.005598880223955209,0em8db96
34M,3,0.938,0.008398320335932814,esc0bjbc
34M,3,1.2915,0.010997800439912017,sjbh4tgg
34M,3,1.5,0.01899620075984803,q9bqv4r3
34M,10,0.75,0.010997800439912017,lyflkvl2
34M,10,0.938,0.014797040591881624,vxjxrr4b
34M,10,1.2915,0.023395320935812838,69dsn9j5
34M,10,1.5,0.02519496100779844,estw5m85
34M,32,0.75,0.01279744051189762,8obo5qaf
34M,32,0.938,0.011397720455908818,nxtg9nid
34M,32,1.2915,0.01899620075984803,0z511j8a
34M,32,1.5,0.0,w16q2gvs
34M,100,0.75,0.013597280543891222,qu6slup9
34M,100,0.938,0.01219756048790242,uyzjvhv3
34M,100,1.2915,0.016996600679864027,ofor5inu
34M,100,1.5,0.0001999600079984003,8iuegnmy
34M,316,0.75,0.020195960807838434,behsyqjs
34M,316,0.938,0.008198360327934412,dca4dd9y
34M,316,1.2915,0.02579484103179364,jaxzpum8
34M,316,1.5,0.02539492101579684,h8kfkkwe
62M,0,0.0,0.01259748050389922,w7lc21qi
62M,0,0.1,0.014597080583883223,vazqzdc6
62M,0,0.1778,0.015596880623875225,cotkdr1d
62M,0,0.3162,0.01739652069586083,tqj20m96
62M,0,0.5623,0.008998200359928014,ze5nnxjy
62M,0,1.0,0.012397520495900819,qi1nx0ob
62M,1,0.0,0.008798240351929614,q3hu7tjb
62M,1,0.1,0.006998600279944011,blmuyzmf
62M,1,0.1778,0.007198560287942412,vbjclhh4
62M,1,0.3162,0.008998200359928014,lk01qirr
62M,1,0.5623,0.011597680463907219,uyznhtit
62M,1,1.0,0.013397320535892822,orx13ffu
62M,3,0.0,0.014797040591881624,rbcd517k
62M,3,0.1,0.014397120575884824,qr4tzfw2
62M,3,0.1778,0.013797240551889621,hc1s3i2w
62M,3,0.3162,0.013397320535892822,glduk1ic
62M,3,0.5623,0.014797040591881624,v9hosq41
62M,3,1.0,0.014197160567886422,75i9ojta
62M,10,0.0,0.016596680663867228,fbe6vxot
62M,10,0.1,0.015596880623875225,tziyotyz
62M,10,0.1778,0.015796840631873626,q5sd7hy0
62M,10,0.3162,0.014629258517034067,4khftqaw
62M,10,0.5623,0.01839632073585283,otg13mgv
62M,10,1.0,0.011597680463907219,wm6nr8a4
62M,32,0.0,0.01779644071185763,24dudner
62M,32,0.1,0.01859628074385123,7n5gd54v
62M,32,0.1778,0.014997000599880024,4qai0lfx
62M,32,0.3162,0.015196960607878424,w9dxdjbd
62M,32,0.5623,0.014597080583883223,ofcg60xu
62M,32,1.0,0.012997400519896021,4nwdglhq
62M,100,0.0,0.07398520295940812,z4xx7jnx
62M,100,0.1,0.07318536292741452,ac4n9tgo
62M,100,0.1778,0.06958608278344332,o4tlnvxa
62M,100,0.3162,0.0591881623675265,a0ojpavb
62M,100,0.5623,0.03679264147170566,ji4w4lif
62M,100,1.0,0.014197160567886422,7bs2mb3y
62M,316,0.0,0.7990401919616077,kwtjxpou
62M,316,0.1,0.8006398720255948,icsl6hud
62M,316,0.1778,0.7954409118176364,r1nq07de
62M,316,0.3162,0.7756448710257948,jso6fk99
62M,316,0.5623,0.6110777844431113,8ehkr45l
62M,316,1.0,0.01899620075984803,911tkmsh
62M,0,0.75,0.008998200359928014,tkxk74nu
62M,0,0.938,0.008798240351929614,o1t1j3iz
62M,0,1.2915,0.01219756048790242,0duu92lb
62M,0,1.5,0.022595480903819236,v2s5jw94
62M,1,0.75,0.009598080383923215,7tnhvy08
62M,1,0.938,0.010397920415916816,56ws3xh4
62M,1,1.2915,0.008998200359928014,khgeffon
62M,1,1.5,0.02499500099980004,iigr5d80
62M,3,0.75,0.010797840431913617,tsli3edk
62M,3,0.938,0.009398120375924815,jcks6jbc
62M,3,1.2915,0.014597080583883223,j1od8w2r
62M,3,1.5,0.02659468106378724,pcd9jv2o
62M,10,0.75,0.013597280543891222,d7ax4jp8
62M,10,0.938,0.011797640471905619,gf9befxr
62M,10,1.2915,0.004799040191961607,5aap5gu7
62M,10,1.5,0.02519496100779844,1rkhq2bw
62M,32,0.75,0.01259748050389922,3tzwx2v8
62M,32,0.938,0.011597680463907219,gr15fh7d
62M,32,1.2915,0.011397720455908818,5gz49frl
62M,32,1.5,0.02659468106378724,s7p1lt4w
62M,100,0.75,0.024795040991801638,711coqo8
62M,100,0.938,0.01759648070385923,gvhjz6dt
62M,100,1.2915,0.009798040391921616,xn7kha0t
62M,100,1.5,0.01739652069586083,2bkpsixm
62M,316,0.75,0.2871425714857029,mglt2q6c
62M,316,0.938,0.03279344131173765,7hpei6hg
62M,316,1.5,0.002999400119976005,uiu1ua3f
62M,316,1.2915,0.0065986802639472104,27w91a7w
93M,0,0.0,0.007398520295940812,k4j7fof8
93M,0,0.1,0.007598480303939212,vrzp1ehn
93M,0,0.1778,0.011597680463907219,8lmo8q8v
93M,0,0.3162,0.011797640471905619,gdr8o0qg
93M,0,0.5623,0.007798440311937612,j5y0jc3x
93M,0,1.0,0.01199760047990402,fieok4eu
93M,1,0.0,0.013197360527894421,qbkm68yd
93M,1,0.1,0.014197160567886422,rywqzw5g
93M,1,0.1778,0.015196960607878424,nqkx12ct
93M,1,0.3162,0.01279744051189762,lywsffiz
93M,1,0.5623,0.010797840431913617,ny7ws1r1
93M,1,1.0,0.013397320535892822,id6t4p28
93M,3,0.0,0.014197160567886422,d8p2iszh
93M,3,0.1,0.011797640471905619,eclac3qe
93M,3,0.1778,0.014197160567886422,bik5podq
93M,3,0.3162,0.014597080583883223,jogf7698
93M,3,0.5623,0.016796640671865627,mdlsjjcv
93M,3,1.0,0.009198160367926415,aze4pskd
93M,10,0.0,0.01759648070385923,zeiydfz2
93M,10,0.1,0.015796840631873626,hlm65jnr
93M,10,0.1778,0.01739652069586083,ala9d8qk
93M,10,0.3162,0.017196560687862426,424bozwb
93M,10,0.5623,0.01779644071185763,g5hln02e
93M,10,1.0,0.010997800439912017,sd3gq03o
93M,32,0.0,0.02539492101579684,1vkk44fb
93M,32,0.1,0.021595680863827234,tigkonh4
93M,32,0.1778,0.020395920815836834,vf6yw8ki
93M,32,0.3162,0.020195960807838434,v7ioisyg
93M,32,0.5623,0.021595680863827234,88ulzch2
93M,32,1.0,0.013397320535892822,o76qq9e6
93M,100,0.0,0.3729254149170166,7d18qqks
93M,100,0.1,0.3723255348930214,azge81iw
93M,100,0.1778,0.3639272145570886,1pxwsyyg
93M,100,0.3162,0.33413317336532694,k64oys9m
93M,100,0.5623,0.23235352929414116,oh0oymll
93M,100,1.0,0.01899620075984803,8fssvfve
93M,316,0.0,0.9872025594881024,5sd4yg0z
93M,316,0.1,0.9872025594881024,574rg7im
93M,316,0.1778,0.9866026794641072,6ebhvjnj
93M,316,0.3162,0.9846030793841232,pp0390fr
93M,316,0.5623,0.9348130373925215,xg6lpjjr
93M,316,1.0,0.0627874425114977,tkx76fik
93M,1000,0.0,0.9994001199760048,yy0kmcsk
93M,1000,0.1,0.9994001199760048,72inevww
93M,1000,0.1778,0.9994001199760048,kugdpq3e
93M,1000,0.3162,0.9994001199760048,xojrkbd4
93M,1000,0.5623,0.9964007198560288,qfortmri
93M,1000,1.0,0.11217756448710257,2bay3c7n
93M,0,0.75,0.00639872025594881,p0ipzcs8
93M,0,1.2915,0.01839632073585283,qztiihul
93M,0,1.5,0.02559488102379524,llxmtn0c
93M,1,0.75,0.011197760447910418,ris60eos
93M,1,0.938,0.01219756048790242,s6jqdupb
93M,1,1.2915,0.009598080383923215,71txekyr
93M,1,1.5,0.02579484103179364,tgdcz218
93M,3,0.75,0.014997000599880024,4ccogw6v
93M,3,0.938,0.011797640471905619,0yfqc1vk
93M,3,1.2915,0.011597680463907219,d8yq5u02
93M,3,1.5,0.01839632073585283,138r7ucs
93M,10,0.75,0.014397120575884824,cjzidpq3
93M,10,0.938,0.01219756048790242,vr98j628
93M,10,1.2915,0.015796840631873626,oxaj5zvp
93M,10,1.5,0.003999200159968006,e2dviaza
93M,32,0.75,0.01779644071185763,qewb07y0
93M,32,0.938,0.01199760047990402,va5cwhtt
93M,32,1.2915,0.01199760047990402,4o16jwpp
93M,32,1.5,0.002999400119976005,bafjccsf
93M,100,0.75,0.11697660467906419,xinmwo9f
93M,100,0.938,0.025994801039792043,lr7xz32a
93M,100,1.2915,0.01859628074385123,l73ij6dq
93M,100,1.5,0.020995800839832032,7irnrlw9
93M,316,0.75,0.6530693861227754,c20yy9s2
93M,316,0.938,0.15376924615076984,eu0f9344
93M,316,1.2915,0.015396920615876825,pzh5upni
93M,316,1.5,0.00639872025594881,vjh7alxa
93M,1000,0.75,0.860627874425115,qizm9xdw
93M,1000,0.938,0.28654269146170763,mujtq4cc
93M,1000,1.2915,0.018196360727854428,zi8s5vjt
93M,1000,1.5,0.004199160167966407,42lytpl8
93M,0,0.938,0.007398520295940812,2y8u5xet
153M,0,0.0,0.011797640471905619,c9boww7q
153M,0,0.1,0.01279744051189762,r09k0cto
153M,0,0.1778,0.012397520495900819,ebm3kzag
153M,0,0.3162,0.012997400519896021,an5ca2zl
153M,0,0.5623,0.009798040391921616,cjhajlhh
153M,0,1.0,0.009398120375924815,f6vj4l0s
153M,1,0.0,0.01739652069586083,ionurkem
153M,1,0.1,0.015996800639872025,b7m6v56q
153M,1,0.1778,0.016796640671865627,8zuomkrk
153M,1,0.3162,0.01759648070385923,mxhviuyb
153M,1,0.5623,0.015796840631873626,uaxy6f0q
153M,1,1.0,0.010397920415916816,tvkz37cy
153M,3,0.0,0.018196360727854428,h1eof0ky
153M,3,0.1,0.01919616076784643,xgl3msv1
153M,3,0.1778,0.01739652069586083,edmkroro
153M,3,0.3162,0.01759648070385923,t38odhq2
153M,3,0.5623,0.015996800639872025,hyma7ge0
153M,3,1.0,0.012997400519896021,f8wjalzy
153M,10,0.0,0.01779644071185763,fvzsslld
153M,10,0.1,0.016996600679864027,fdazbbcg
153M,10,0.1778,0.01899620075984803,xc90mg6w
153M,10,0.3162,0.01739652069586083,p9ywfc40
153M,10,0.5623,0.016796640671865627,3vuulmga
153M,10,1.0,0.009598080383923215,lz70ycgv
153M,32,0.0,0.02499500099980004,4lmh2rch
153M,32,0.1,0.02519496100779844,uegv0r0n
153M,32,0.1778,0.027994401119776045,2qhb7eqe
153M,32,0.3162,0.021395720855828835,w2urc26b
153M,32,0.5623,0.02439512097580484,gu559vfh
153M,32,1.0,0.015996800639872025,sdac0ks7
153M,316,0.0,1.0,xqe689gl
153M,316,0.1,1.0,if411o20
153M,316,0.1778,1.0,rg6x6g6t
153M,316,0.3162,1.0,obimwje4
153M,316,0.5623,0.9852029594081184,tbo9i212
153M,316,1.0,0.2513497300539892,nkqjmbs5
153M,1000,0.0,1.0,kfeppd27
153M,1000,0.1,1.0,bz06nqby
153M,1000,0.1778,1.0,17v3yln2
153M,1000,0.3162,1.0,rphugyns
153M,1000,0.5623,0.9984003199360127,8066suhc
153M,1000,1.0,0.27854429114177165,w1qu60ql
153M,100,0.0,0.8088382323535293,k9wg5tyo
153M,100,0.1,0.8084383123375325,ex1f7py9
153M,100,0.1778,0.8000399920015997,wigyqe4w
153M,100,0.3162,0.7636472705458909,wcsdse2y
153M,100,0.5623,0.5734853029394121,oq1rnzof
153M,100,1.0,0.05298940211957608,f5w9ytz2
153M,0,1.2915,0.011597680463907219,en90bqd9
153M,10,0.75,0.014797040591881624,6rdkus8a
153M,10,0.938,0.009598080383923215,883675c7
153M,10,1.2915,0.009398120375924815,ncoyxbw9
153M,32,0.938,0.017196560687862426,nsz2tnt8
153M,32,1.2915,0.014397120575884824,oemc71e3
153M,32,1.5,0.01999600079984003,soqi8mg3
153M,100,0.75,0.32893421315736854,ls7qqhyk
153M,100,0.938,0.09498100379924015,j8mohi01
153M,100,1.2915,0.013397320535892822,afk3dzsu
153M,100,1.5,0.02499500099980004,gjbouxb3
153M,316,0.75,0.8612277544491101,ftfwzvxr
153M,316,0.938,0.4351129774045191,0lq644rb
153M,316,1.2915,0.020995800839832032,5ntvbaqr
153M,316,1.5,0.01199760047990402,99m3pp93
153M,1000,0.75,0.9286142771445711,fnxlj914
153M,1000,0.938,0.5450909818036392,twabzp89
153M,1000,1.2915,0.015396920615876825,7hlm3q4n
153M,1000,1.5,0.010597880423915218,go9sziun
153M,0,0.75,0.007598480303939212,hnx3cjmi
153M,0,0.938,0.009998000399920015,6eu6h6lb
153M,0,1.5,0.010597880423915218,jqfa9jee
153M,1,0.75,0.012397520495900819,zz19rknf
153M,1,0.938,0.014397120575884824,e8ruh303
153M,1,1.2915,0.011397720455908818,3h1lqdch
153M,1,1.5,0.02579484103179364,tjqbltuu
153M,3,0.75,0.013797240551889621,f67idqdj
153M,3,0.938,0.012397520495900819,0ny9cxwf
153M,3,1.2915,0.019596080783843232,q0zxcr6z
153M,3,1.5,0.0011997600479904018,0qv9iq66
153M,10,1.5,0.022395520895820836,itwttof9
153M,32,0.75,0.01779644071185763,6dled82d
344M,1,0.1,0.015796840631873626,60e0cjjy
344M,1,0.1778,0.014597080583883223,3x3rglz3
344M,1,0.3162,0.013397320535892822,6qnd8i83
344M,1,0.5623,0.01839632073585283,laoopxzv
344M,1,0.75,0.013797240551889621,8n70fz1j
344M,1,0.938,0.01279744051189762,3lkxv7an
344M,1,1.0,0.010797840431913617,2ukse903
344M,1,1.2915,0.01879624075184963,4dwu1gpi
344M,1,1.5,0.010997800439912017,00d3dsng
344M,3,0.0,0.015396920615876825,tkxvhxgf
344M,3,0.1,0.016796640671865627,5u15kanm
344M,3,0.1778,0.016796640671865627,3jplpj8q
344M,3,0.3162,0.013597280543891222,jr0d6o4w
344M,3,0.5623,0.015196960607878424,v4q22jhm
344M,3,0.75,0.013597280543891222,6jc8ia8j
344M,3,0.938,0.011197760447910418,uc9mmoc0
344M,3,1.0,0.01219756048790242,cifzzwgi
344M,3,1.2915,0.019396120775844832,pv5btg0p
344M,3,1.5,0.021595680863827234,zonxxkyn
344M,10,0.0,0.021795640871825634,r0m0b7k1
344M,10,0.1,0.019596080783843232,hrjkxhjs
344M,10,0.1778,0.021995600879824034,jovy0x1k
344M,10,0.3162,0.021995600879824034,hdzq9yrw
344M,10,0.5623,0.018196360727854428,9tztb4un
344M,10,0.75,0.015396920615876825,12wq7zs5
344M,10,0.938,0.012997400519896021,tcr3l4if
344M,10,1.0,0.010397920415916816,htqkzwmo
344M,10,1.2915,0.016796640671865627,ow18j4fo
344M,10,1.5,0.02499500099980004,i2yoj0h2
344M,32,0.0,0.1271745650869826,d3usgogz
344M,32,0.1,0.1261747650469906,m2dgryns
344M,32,0.1778,0.1247750449910018,v4o340vw
344M,32,0.3162,0.10277944411117776,a0gga04t
344M,32,0.5623,0.0647870425914817,ip93o04i
344M,32,0.75,0.042191561687662464,mgd1crfw
344M,32,0.938,0.026194761047790442,pqhawod4
344M,32,1.0,0.019396120775844832,n6l0yo5p
344M,32,1.2915,0.017196560687862426,gka4n8sa
344M,32,1.5,0.023395320935812838,qtfz3s6x
344M,100,0.0,0.9912017596480703,k7crfmph
344M,100,0.1,0.9914017196560688,iec1lb1j
344M,100,0.1778,0.991001799640072,os2d152i
344M,100,0.3162,0.9818036392721455,jtp6prqu
344M,100,0.5623,0.8552289542091581,l2mcf5kh
344M,100,0.75,0.5932813437312537,4h77m65h
344M,100,0.938,0.2709458108378324,x9d18wlj
344M,100,1.0,0.17876424715056988,tdr02xlh
344M,100,1.2915,0.02519496100779844,uecx1q3g
344M,100,1.5,0.020995800839832032,i2vldcuw
344M,1000,0.0,1.0,uq8sunma
344M,1000,0.1,1.0,14vb1d0i
344M,1000,0.1778,1.0,etzqqf0k
344M,1000,0.3162,1.0,ql66rbol
344M,1000,0.5623,0.9996000799840032,m3q6x76u
344M,1000,0.75,0.9898020395920816,mjr0gv6d
344M,1000,0.938,0.873625274945011,j5orif9w
344M,1000,1.0,0.727254549090182,o08xuzrk
344M,1000,1.2915,0.041791641671665665,nf68ztl5
344M,1000,1.5,0.01999600079984003,eh3e9865
344M,3162,0.0,1.0,1yml0np5
344M,3162,0.1,1.0,dh8hn3as
344M,3162,0.1778,1.0,nkcoi5dy
344M,3162,0.3162,1.0,ki9k0ipd
344M,3162,0.5623,1.0,10zpmtfd
344M,3162,0.75,0.9984003199360127,jzv224tb
344M,3162,0.938,0.9082183563287343,r9j1ynh5
344M,3162,1.0,0.669866026794641,bvl778i1
344M,3162,1.2915,0.01999600079984003,4l19ixio
344M,3162,1.5,0.01199760047990402,kl6n601r
344M,1,0.0,0.012997400519896021,2qi0kpg7
