Parameters,Num. Replicas,Temp.,math_verify_score,run_id,greedy_score,relative_score,baseline_score,advantage
34M,0,0.0,0.0037992401519696,85bd7akt,0.0037992401519696,,0.0037992401519696,0.0
34M,0,0.1,0.0041991601679664,8nrkq1cr,0.0037992401519696,,0.0041991601679664,0.0
34M,0,0.1778,0.0041991601679664,slwm9efe,0.0037992401519696,,0.0041991601679664,0.0
34M,0,0.3162,0.0025994801039792,7s9sjfwp,0.0037992401519696,,0.0025994801039792,0.0
34M,0,0.5623,0.0017996400719856,q6chng1h,0.0037992401519696,,0.0017996400719856,0.0
34M,0,1.0,0.013997200559888,9w95kzro,0.0037992401519696,,0.013997200559888,0.0
34M,1,0.0,0.0021995600879824,pxpuuqno,0.0021995600879824,,0.0037992401519696,-0.0015996800639871997
34M,1,0.1,0.0017996400719856,bzrerq1z,0.0021995600879824,,0.0041991601679664,-0.0023995200959808
34M,1,0.1778,0.0023995200959808,hpz7huy0,0.0021995600879824,,0.0041991601679664,-0.0017996400719855997
34M,1,0.3162,0.0017996400719856,dlpv92vh,0.0021995600879824,,0.0025994801039792,-0.0007998400319936003
34M,1,0.5623,0.0021995600879824,85kacuse,0.0021995600879824,,0.0017996400719856,0.00039992001599680024
34M,1,1.0,0.013997200559888,qoj2xbhv,0.0021995600879824,,0.013997200559888,0.0
34M,3,0.0,0.0025994801039792,d9pe6sxq,0.0025994801039792,,0.0037992401519696,-0.0011997600479903997
34M,3,0.1,0.0103979204159168,dhez5g9m,0.0025994801039792,,0.0041991601679664,0.006198760247950401
34M,3,0.1778,0.0113977204559088,mxyil56p,0.0025994801039792,,0.0041991601679664,0.0071985602879424005
34M,3,0.3162,0.007998400319936,36jz6eta,0.0025994801039792,,0.0025994801039792,0.005398920215956801
34M,3,0.5623,0.0027994401119776,ko0jltzz,0.0025994801039792,,0.0017996400719856,0.0009998000399920003
34M,3,1.0,0.0123975204959008,t5r50uhk,0.0025994801039792,,0.013997200559888,-0.0015996800639872001
34M,10,0.0,0.0075984803039392,3ehd21gb,0.0075984803039392,,0.0037992401519696,0.0037992401519696
34M,10,0.1,0.0113977204559088,fgc08mbv,0.0075984803039392,,0.0041991601679664,0.0071985602879424005
34M,10,0.1778,0.0083983203359328,0hkm43jj,0.0075984803039392,,0.0041991601679664,0.0041991601679664
34M,10,0.3162,0.0137972405518896,uf3k227x,0.0075984803039392,,0.0025994801039792,0.0111977604479104
34M,10,0.5623,0.0155968806238752,tvid4yig,0.0075984803039392,,0.0017996400719856,0.0137972405518896
34M,10,1.0,0.0123975204959008,h4453wxi,0.0075984803039392,,0.013997200559888,-0.0015996800639872001
34M,32,0.0,0.0163967206558688,emz41aa6,0.0163967206558688,,0.0037992401519696,0.012597480503899201
34M,32,0.1,0.0181963607278544,iw5o4z6d,0.0163967206558688,,0.0041991601679664,0.013997200559888
34M,32,0.1778,0.0171965606878624,ixcjl30i,0.0163967206558688,,0.0041991601679664,0.012997400519895999
34M,32,0.3162,0.0171965606878624,jej7ir2b,0.0163967206558688,,0.0025994801039792,0.014597080583883199
34M,32,0.5623,0.0167966406718656,5zy26sz9,0.0163967206558688,,0.0017996400719856,0.01499700059988
34M,32,1.0,0.0145970805838832,edbiu8zr,0.0163967206558688,,0.013997200559888,0.0005998800239952005
34M,100,0.0,0.0193961207758448,1w9evxo2,0.0193961207758448,,0.0037992401519696,0.015596880623875202
34M,100,0.1,0.0197960407918416,uit3vsq5,0.0193961207758448,,0.0041991601679664,0.0155968806238752
34M,100,0.1778,0.0195960807838432,lned69ky,0.0193961207758448,,0.0041991601679664,0.0153969206158768
34M,100,0.3162,0.0147970405918816,qavpoa01,0.0193961207758448,,0.0025994801039792,0.0121975604879024
34M,100,0.5623,0.01499700059988,lsxni8vc,0.0193961207758448,,0.0017996400719856,0.0131973605278944
34M,100,1.0,0.0117976404719056,xn6avuhw,0.0193961207758448,,0.013997200559888,-0.0021995600879824006
34M,316,0.0,0.0731853629274145,ouadu6fe,0.0731853629274145,1.0,0.0037992401519696,0.0693861227754449
34M,316,0.1,0.0729854029194161,fgnv2i5o,0.0731853629274145,0.9972677595628416,0.0041991601679664,0.0687862427514497
34M,316,0.1778,0.0649870025994801,fewwa4xj,0.0731853629274145,0.887978142076503,0.0041991601679664,0.06078784243151371
34M,316,0.3162,0.0527894421115776,2dtnmfnp,0.0731853629274145,0.7213114754098351,0.0025994801039792,0.0501899620075984
34M,316,0.5623,0.032993401319736,4skx9q3a,0.0731853629274145,0.45081967213114693,0.0017996400719856,0.0311937612477504
34M,316,1.0,0.0101979604079184,lc4ldc0k,0.0731853629274145,0.1393442622950818,0.013997200559888,-0.0037992401519696007
34M,0,0.75,0.003999200159968,dab9inux,0.0037992401519696,,0.003999200159968,0.0
34M,0,0.938,0.0081983603279344,l7y253ps,0.0037992401519696,,0.0081983603279344,0.0
34M,0,1.2915,0.0227954409118176,b26a037f,0.0037992401519696,,0.0227954409118176,0.0
34M,0,1.5,0.0,k9izxwui,0.0037992401519696,,0.0,0.0
34M,1,0.75,0.0035992801439712,tfkvnusd,0.0021995600879824,,0.003999200159968,-0.00039992001599680046
34M,1,0.938,0.0065986802639472,8n3zetho,0.0021995600879824,,0.0081983603279344,-0.0015996800639872001
34M,1,1.2915,0.0135972805438912,zmwatvry,0.0021995600879824,,0.0227954409118176,-0.009198160367926402
34M,1,1.5,0.0093981203759248,2qw4y7w8,0.0021995600879824,,0.0,0.0093981203759248
34M,3,0.75,0.0055988802239552,0em8db96,0.0025994801039792,,0.003999200159968,0.0015996800639872001
34M,3,0.938,0.0083983203359328,esc0bjbc,0.0025994801039792,,0.0081983603279344,0.00019996000799839958
34M,3,1.2915,0.010997800439912,sjbh4tgg,0.0025994801039792,,0.0227954409118176,-0.011797640471905601
34M,3,1.5,0.018996200759848,q9bqv4r3,0.0025994801039792,,0.0,0.018996200759848
34M,10,0.75,0.010997800439912,lyflkvl2,0.0075984803039392,,0.003999200159968,0.006998600279943999
34M,10,0.938,0.0147970405918816,vxjxrr4b,0.0075984803039392,,0.0081983603279344,0.0065986802639472
34M,10,1.2915,0.0233953209358128,69dsn9j5,0.0075984803039392,,0.0227954409118176,0.0005998800239951987
34M,10,1.5,0.0251949610077984,estw5m85,0.0075984803039392,,0.0,0.0251949610077984
34M,32,0.75,0.0127974405118976,8obo5qaf,0.0163967206558688,,0.003999200159968,0.008798240351929599
34M,32,0.938,0.0113977204559088,nxtg9nid,0.0163967206558688,,0.0081983603279344,0.0031993601279744002
34M,32,1.2915,0.018996200759848,0z511j8a,0.0163967206558688,,0.0227954409118176,-0.0037992401519696024
34M,32,1.5,0.0,w16q2gvs,0.0163967206558688,,0.0,0.0
34M,100,0.75,0.0135972805438912,qu6slup9,0.0193961207758448,,0.003999200159968,0.009598080383923199
34M,100,0.938,0.0121975604879024,uyzjvhv3,0.0193961207758448,,0.0081983603279344,0.003999200159968
34M,100,1.2915,0.016996600679864,ofor5inu,0.0193961207758448,,0.0227954409118176,-0.005798840231953602
34M,100,1.5,0.0001999600079984,8iuegnmy,0.0193961207758448,,0.0,0.0001999600079984
34M,316,0.75,0.0201959608078384,behsyqjs,0.0731853629274145,0.2759562841530051,0.003999200159968,0.0161967606478704
34M,316,0.938,0.0081983603279344,dca4dd9y,0.0731853629274145,0.11202185792349713,0.0081983603279344,0.0
34M,316,1.2915,0.0257948410317936,jaxzpum8,0.0731853629274145,0.3524590163934422,0.0227954409118176,0.0029994001199760006
34M,316,1.5,0.0253949210157968,h8kfkkwe,0.0731853629274145,0.34699453551912524,0.0,0.0253949210157968
62M,0,0.0,0.0125974805038992,w7lc21qi,0.0125974805038992,,0.0125974805038992,0.0
62M,0,0.1,0.0145970805838832,vazqzdc6,0.0125974805038992,,0.0145970805838832,0.0
62M,0,0.1778,0.0155968806238752,cotkdr1d,0.0125974805038992,,0.0155968806238752,0.0
62M,0,0.3162,0.0173965206958608,tqj20m96,0.0125974805038992,,0.0173965206958608,0.0
62M,0,0.5623,0.008998200359928,ze5nnxjy,0.0125974805038992,,0.008998200359928,0.0
62M,0,1.0,0.0123975204959008,qi1nx0ob,0.0125974805038992,,0.0123975204959008,0.0
62M,1,0.0,0.0087982403519296,q3hu7tjb,0.0087982403519296,,0.0125974805038992,-0.003799240151969599
62M,1,0.1,0.006998600279944,blmuyzmf,0.0087982403519296,,0.0145970805838832,-0.0075984803039392005
62M,1,0.1778,0.0071985602879424,vbjclhh4,0.0087982403519296,,0.0155968806238752,-0.0083983203359328
62M,1,0.3162,0.008998200359928,lk01qirr,0.0087982403519296,,0.0173965206958608,-0.008398320335932801
62M,1,0.5623,0.0115976804639072,uyznhtit,0.0087982403519296,,0.008998200359928,0.0025994801039791997
62M,1,1.0,0.0133973205358928,orx13ffu,0.0087982403519296,,0.0123975204959008,0.0009998000399919996
62M,3,0.0,0.0147970405918816,rbcd517k,0.0147970405918816,,0.0125974805038992,0.0021995600879824006
62M,3,0.1,0.0143971205758848,qr4tzfw2,0.0147970405918816,,0.0145970805838832,-0.00019996000799840132
62M,3,0.1778,0.0137972405518896,hc1s3i2w,0.0147970405918816,,0.0155968806238752,-0.0017996400719855997
62M,3,0.3162,0.0133973205358928,glduk1ic,0.0147970405918816,,0.0173965206958608,-0.003999200159968002
62M,3,0.5623,0.0147970405918816,v9hosq41,0.0147970405918816,,0.008998200359928,0.0057988402319536
62M,3,1.0,0.0141971605678864,75i9ojta,0.0147970405918816,,0.0123975204959008,0.0017996400719855997
62M,10,0.0,0.0165966806638672,fbe6vxot,0.0165966806638672,,0.0125974805038992,0.003999200159968
62M,10,0.1,0.0155968806238752,tziyotyz,0.0165966806638672,,0.0145970805838832,0.0009998000399919996
62M,10,0.1778,0.0157968406318736,q5sd7hy0,0.0165966806638672,,0.0155968806238752,0.00019996000799840132
62M,10,0.3162,0.014629258517034,4khftqaw,0.0165966806638672,,0.0173965206958608,-0.002767262178826802
62M,10,0.5623,0.0183963207358528,otg13mgv,0.0165966806638672,,0.008998200359928,0.0093981203759248
62M,10,1.0,0.0115976804639072,wm6nr8a4,0.0165966806638672,,0.0123975204959008,-0.0007998400319936001
62M,32,0.0,0.0177964407118576,24dudner,0.0177964407118576,,0.0125974805038992,0.005198960207958401
62M,32,0.1,0.0185962807438512,7n5gd54v,0.0177964407118576,,0.0145970805838832,0.0039992001599679985
62M,32,0.1778,0.01499700059988,4qai0lfx,0.0177964407118576,,0.0155968806238752,-0.0005998800239952005
62M,32,0.3162,0.0151969606078784,w9dxdjbd,0.0177964407118576,,0.0173965206958608,-0.0021995600879824023
62M,32,0.5623,0.0145970805838832,ofcg60xu,0.0177964407118576,,0.008998200359928,0.0055988802239552
62M,32,1.0,0.012997400519896,4nwdglhq,0.0177964407118576,,0.0123975204959008,0.0005998800239952005
62M,100,0.0,0.0739852029594081,z4xx7jnx,0.0739852029594081,1.0,0.0125974805038992,0.06138772245550889
62M,100,0.1,0.0731853629274145,ac4n9tgo,0.0739852029594081,0.9891891891891892,0.0145970805838832,0.05858828234353129
62M,100,0.1778,0.0695860827834433,o4tlnvxa,0.0739852029594081,0.9405405405405407,0.0155968806238752,0.0539892021595681
62M,100,0.3162,0.0591881623675265,a0ojpavb,0.0739852029594081,0.8000000000000003,0.0173965206958608,0.0417916416716657
62M,100,0.5623,0.0367926414717056,ji4w4lif,0.0739852029594081,0.49729729729729666,0.008998200359928,0.027794441111777597
62M,100,1.0,0.0141971605678864,7bs2mb3y,0.0739852029594081,0.19189189189189165,0.0123975204959008,0.0017996400719855997
62M,316,0.0,0.7990401919616077,kwtjxpou,0.7990401919616077,1.0,0.0125974805038992,0.7864427114577085
62M,316,0.1,0.8006398720255948,icsl6hud,0.7990401919616077,1.002002002002002,0.0145970805838832,0.7860427914417116
62M,316,0.1778,0.7954409118176364,r1nq07de,0.7990401919616077,0.9954954954954954,0.0155968806238752,0.7798440311937612
62M,316,0.3162,0.7756448710257948,jso6fk99,0.7990401919616077,0.9707207207207207,0.0173965206958608,0.758248350329934
62M,316,0.5623,0.6110777844431113,8ehkr45l,0.7990401919616077,0.7647647647647647,0.008998200359928,0.6020795840831833
62M,316,1.0,0.018996200759848,911tkmsh,0.7990401919616077,0.023773773773773734,0.0123975204959008,0.006598680263947198
62M,0,0.75,0.008998200359928,tkxk74nu,0.0125974805038992,,0.008998200359928,0.0
62M,0,0.938,0.0087982403519296,o1t1j3iz,0.0125974805038992,,0.0087982403519296,0.0
62M,0,1.2915,0.0121975604879024,0duu92lb,0.0125974805038992,,0.0121975604879024,0.0
62M,0,1.5,0.0225954809038192,v2s5jw94,0.0125974805038992,,0.0225954809038192,0.0
62M,1,0.75,0.0095980803839232,7tnhvy08,0.0087982403519296,,0.008998200359928,0.0005998800239952005
62M,1,0.938,0.0103979204159168,56ws3xh4,0.0087982403519296,,0.0087982403519296,0.0015996800639872001
62M,1,1.2915,0.008998200359928,khgeffon,0.0087982403519296,,0.0121975604879024,-0.0031993601279744002
62M,1,1.5,0.0249950009998,iigr5d80,0.0087982403519296,,0.0225954809038192,0.0023995200959807984
62M,3,0.75,0.0107978404319136,tsli3edk,0.0147970405918816,,0.008998200359928,0.0017996400719855997
62M,3,0.938,0.0093981203759248,jcks6jbc,0.0147970405918816,,0.0087982403519296,0.0005998800239951987
62M,3,1.2915,0.0145970805838832,j1od8w2r,0.0147970405918816,,0.0121975604879024,0.0023995200959808
62M,3,1.5,0.0265946810637872,pcd9jv2o,0.0147970405918816,,0.0225954809038192,0.0039992001599679985
62M,10,0.75,0.0135972805438912,d7ax4jp8,0.0165966806638672,,0.008998200359928,0.004599080183963199
62M,10,0.938,0.0117976404719056,gf9befxr,0.0165966806638672,,0.0087982403519296,0.002999400119975999
62M,10,1.2915,0.0047990401919616,5aap5gu7,0.0165966806638672,,0.0121975604879024,-0.0073985202959408
62M,10,1.5,0.0251949610077984,1rkhq2bw,0.0165966806638672,,0.0225954809038192,0.002599480103979198
62M,32,0.75,0.0125974805038992,3tzwx2v8,0.0177964407118576,,0.008998200359928,0.0035992801439711994
62M,32,0.938,0.0115976804639072,gr15fh7d,0.0177964407118576,,0.0087982403519296,0.0027994401119775993
62M,32,1.2915,0.0113977204559088,5gz49frl,0.0177964407118576,,0.0121975604879024,-0.0007998400319936001
62M,32,1.5,0.0265946810637872,s7p1lt4w,0.0177964407118576,,0.0225954809038192,0.0039992001599679985
62M,100,0.75,0.0247950409918016,711coqo8,0.0739852029594081,0.3351351351351347,0.008998200359928,0.0157968406318736
62M,100,0.938,0.0175964807038592,gvhjz6dt,0.0739852029594081,0.23783783783783755,0.0087982403519296,0.0087982403519296
62M,100,1.2915,0.0097980403919216,xn7kha0t,0.0739852029594081,0.13243243243243227,0.0121975604879024,-0.0023995200959808
62M,100,1.5,0.0173965206958608,2bkpsixm,0.0739852029594081,0.23513513513513487,0.0225954809038192,-0.0051989602079583995
62M,316,0.75,0.2871425714857029,mglt2q6c,0.7990401919616077,0.35935935935935936,0.008998200359928,0.2781443711257749
62M,316,0.938,0.0327934413117376,7hpei6hg,0.7990401919616077,0.041041041041040977,0.0087982403519296,0.023995200959807998
62M,316,1.5,0.002999400119976,uiu1ua3f,0.7990401919616077,0.003753753753753748,0.0225954809038192,-0.0195960807838432
62M,316,1.2915,0.0065986802639472,27w91a7w,0.7990401919616077,0.008258258258258246,0.0121975604879024,-0.0055988802239552
93M,0,0.0,0.0073985202959408,k4j7fof8,0.0073985202959408,,0.0073985202959408,0.0
93M,0,0.1,0.0075984803039392,vrzp1ehn,0.0073985202959408,,0.0075984803039392,0.0
93M,0,0.1778,0.0115976804639072,8lmo8q8v,0.0073985202959408,,0.0115976804639072,0.0
93M,0,0.3162,0.0117976404719056,gdr8o0qg,0.0073985202959408,,0.0117976404719056,0.0
93M,0,0.5623,0.0077984403119376,j5y0jc3x,0.0073985202959408,,0.0077984403119376,0.0
93M,0,1.0,0.011997600479904,fieok4eu,0.0073985202959408,,0.011997600479904,0.0
93M,1,0.0,0.0131973605278944,qbkm68yd,0.0131973605278944,,0.0073985202959408,0.0057988402319536
93M,1,0.1,0.0141971605678864,rywqzw5g,0.0131973605278944,,0.0075984803039392,0.0065986802639472
93M,1,0.1778,0.0151969606078784,nqkx12ct,0.0131973605278944,,0.0115976804639072,0.0035992801439711994
93M,1,0.3162,0.0127974405118976,lywsffiz,0.0131973605278944,,0.0117976404719056,0.0009998000399919996
93M,1,0.5623,0.0107978404319136,ny7ws1r1,0.0131973605278944,,0.0077984403119376,0.0029994001199759998
93M,1,1.0,0.0133973205358928,id6t4p28,0.0131973605278944,,0.011997600479904,0.0013997200559887988
93M,3,0.0,0.0141971605678864,d8p2iszh,0.0141971605678864,,0.0073985202959408,0.0067986402719456
93M,3,0.1,0.0117976404719056,eclac3qe,0.0141971605678864,,0.0075984803039392,0.0041991601679664
93M,3,0.1778,0.0141971605678864,bik5podq,0.0141971605678864,,0.0115976804639072,0.0025994801039791997
93M,3,0.3162,0.0145970805838832,jogf7698,0.0141971605678864,,0.0117976404719056,0.002799440111977601
93M,3,0.5623,0.0167966406718656,mdlsjjcv,0.0141971605678864,,0.0077984403119376,0.008998200359927998
93M,3,1.0,0.0091981603679264,aze4pskd,0.0141971605678864,,0.011997600479904,-0.002799440111977601
93M,10,0.0,0.0175964807038592,zeiydfz2,0.0175964807038592,,0.0073985202959408,0.010197960407918401
93M,10,0.1,0.0157968406318736,hlm65jnr,0.0175964807038592,,0.0075984803039392,0.008198360327934402
93M,10,0.1778,0.0173965206958608,ala9d8qk,0.0175964807038592,,0.0115976804639072,0.005798840231953602
93M,10,0.3162,0.0171965606878624,424bozwb,0.0175964807038592,,0.0117976404719056,0.005398920215956799
93M,10,0.5623,0.0177964407118576,g5hln02e,0.0175964807038592,,0.0077984403119376,0.00999800039992
93M,10,1.0,0.010997800439912,sd3gq03o,0.0175964807038592,,0.011997600479904,-0.0009998000399920014
93M,32,0.0,0.0253949210157968,1vkk44fb,0.0253949210157968,,0.0073985202959408,0.017996400719855997
93M,32,0.1,0.0215956808638272,tigkonh4,0.0253949210157968,,0.0075984803039392,0.013997200559888
93M,32,0.1778,0.0203959208158368,vf6yw8ki,0.0253949210157968,,0.0115976804639072,0.008798240351929599
93M,32,0.3162,0.0201959608078384,v7ioisyg,0.0253949210157968,,0.0117976404719056,0.0083983203359328
93M,32,0.5623,0.0215956808638272,88ulzch2,0.0253949210157968,,0.0077984403119376,0.013797240551889599
93M,32,1.0,0.0133973205358928,o76qq9e6,0.0253949210157968,,0.011997600479904,0.0013997200559887988
93M,100,0.0,0.3729254149170166,7d18qqks,0.3729254149170166,1.0,0.0073985202959408,0.3655268946210758
93M,100,0.1,0.3723255348930214,azge81iw,0.3729254149170166,0.9983914209115282,0.0075984803039392,0.36472705458908217
93M,100,0.1778,0.3639272145570886,1pxwsyyg,0.3729254149170166,0.9758713136729223,0.0115976804639072,0.3523295340931814
93M,100,0.3162,0.3341331733653269,k64oys9m,0.3729254149170166,0.8959785522788203,0.0117976404719056,0.32233553289342126
93M,100,0.5623,0.2323535292941411,oh0oymll,0.3729254149170166,0.6230563002680963,0.0077984403119376,0.2245550889822035
93M,100,1.0,0.018996200759848,8fssvfve,0.3729254149170166,0.050938337801608495,0.011997600479904,0.0069986002799439975
93M,316,0.0,0.9872025594881024,5sd4yg0z,0.9872025594881024,1.0,0.0073985202959408,0.9798040391921616
93M,316,0.1,0.9872025594881024,574rg7im,0.9872025594881024,1.0,0.0075984803039392,0.9796040791841633
93M,316,0.1778,0.9866026794641072,6ebhvjnj,0.9872025594881024,0.9993923435284585,0.0115976804639072,0.9750049990002
93M,316,0.3162,0.9846030793841232,pp0390fr,0.9872025594881024,0.9973668219566538,0.0117976404719056,0.9728054389122176
93M,316,0.5623,0.9348130373925216,xg6lpjjr,0.9872025594881024,0.9469313348187159,0.0077984403119376,0.9270145970805841
93M,316,1.0,0.0627874425114977,tkx76fik,0.9872025594881024,0.06360137735466882,0.011997600479904,0.0507898420315937
93M,1000,0.0,0.9994001199760048,yy0kmcsk,0.9994001199760048,1.0,0.0073985202959408,0.992001599680064
93M,1000,0.1,0.9994001199760048,72inevww,0.9994001199760048,1.0,0.0075984803039392,0.9918016396720656
93M,1000,0.1778,0.9994001199760048,kugdpq3e,0.9994001199760048,1.0,0.0115976804639072,0.9878024395120976
93M,1000,0.3162,0.9994001199760048,xojrkbd4,0.9994001199760048,1.0,0.0117976404719056,0.9876024795040992
93M,1000,0.5623,0.9964007198560288,qfortmri,0.9994001199760048,0.9969987995198081,0.0077984403119376,0.9886022795440913
93M,1000,1.0,0.1121775644871025,2bay3c7n,0.9994001199760048,0.1122448979591836,0.011997600479904,0.1001799640071985
93M,0,0.75,0.0063987202559488,p0ipzcs8,0.0073985202959408,,0.0063987202559488,0.0
93M,0,1.2915,0.0183963207358528,qztiihul,0.0073985202959408,,0.0183963207358528,0.0
93M,0,1.5,0.0255948810237952,llxmtn0c,0.0073985202959408,,0.0255948810237952,0.0
93M,1,0.75,0.0111977604479104,ris60eos,0.0131973605278944,,0.0063987202559488,0.004799040191961601
93M,1,0.938,0.0121975604879024,s6jqdupb,0.0131973605278944,,0.0073985202959408,0.0047990401919616
93M,1,1.2915,0.0095980803839232,71txekyr,0.0131973605278944,,0.0183963207358528,-0.008798240351929599
93M,1,1.5,0.0257948410317936,tgdcz218,0.0131973605278944,,0.0255948810237952,0.00019996000799840305
93M,3,0.75,0.01499700059988,4ccogw6v,0.0141971605678864,,0.0063987202559488,0.0085982803439312
93M,3,0.938,0.0117976404719056,0yfqc1vk,0.0141971605678864,,0.0073985202959408,0.0043991201759647994
93M,3,1.2915,0.0115976804639072,d8yq5u02,0.0141971605678864,,0.0183963207358528,-0.0067986402719456
93M,3,1.5,0.0183963207358528,138r7ucs,0.0141971605678864,,0.0255948810237952,-0.007198560287942399
93M,10,0.75,0.0143971205758848,cjzidpq3,0.0175964807038592,,0.0063987202559488,0.007998400319936
93M,10,0.938,0.0121975604879024,vr98j628,0.0175964807038592,,0.0073985202959408,0.0047990401919616
93M,10,1.2915,0.0157968406318736,oxaj5zvp,0.0175964807038592,,0.0183963207358528,-0.002599480103979198
93M,10,1.5,0.003999200159968,e2dviaza,0.0175964807038592,,0.0255948810237952,-0.021595680863827196
93M,32,0.75,0.0177964407118576,qewb07y0,0.0253949210157968,,0.0063987202559488,0.0113977204559088
93M,32,0.938,0.011997600479904,va5cwhtt,0.0253949210157968,,0.0073985202959408,0.004599080183963201
93M,32,1.2915,0.011997600479904,4o16jwpp,0.0253949210157968,,0.0183963207358528,-0.006398720255948799
93M,32,1.5,0.002999400119976,bafjccsf,0.0253949210157968,,0.0255948810237952,-0.022595480903819198
93M,100,0.75,0.1169766046790641,xinmwo9f,0.3729254149170166,0.3136729222520105,0.0063987202559488,0.1105778844231153
93M,100,0.938,0.025994801039792,lr7xz32a,0.3729254149170166,0.06970509383378005,0.0073985202959408,0.018596280743851203
93M,100,1.2915,0.0185962807438512,l73ij6dq,0.3729254149170166,0.049865951742627264,0.0183963207358528,0.00019996000799839958
93M,100,1.5,0.020995800839832,7irnrlw9,0.3729254149170166,0.05630026809651466,0.0255948810237952,-0.004599080183963197
93M,316,0.75,0.6530693861227754,c20yy9s2,0.9872025594881024,0.661535345351428,0.0063987202559488,0.6466706658668266
93M,316,0.938,0.1537692461507698,eu0f9344,0.9872025594881024,0.15576260887178445,0.0073985202959408,0.14637072585482902
93M,316,1.2915,0.0153969206158768,pzh5upni,0.9872025594881024,0.01559651610289647,0.0183963207358528,-0.002999400119975999
93M,316,1.5,0.0063987202559488,vjh7alxa,0.9872025594881024,0.006481669029775156,0.0255948810237952,-0.019196160767846398
93M,1000,0.75,0.860627874425115,qizm9xdw,0.9994001199760048,0.8611444577831133,0.0063987202559488,0.8542291541691662
93M,1000,0.938,0.2865426914617076,mujtq4cc,0.9994001199760048,0.2867146858743497,0.0073985202959408,0.2791441711657668
93M,1000,1.2915,0.0181963607278544,zi8s5vjt,0.9994001199760048,0.018207282913165236,0.0183963207358528,-0.00019996000799839958
93M,1000,1.5,0.0041991601679664,42lytpl8,0.9994001199760048,0.004201680672268901,0.0255948810237952,-0.021395720855828797
93M,0,0.938,0.0073985202959408,2y8u5xet,0.0073985202959408,,0.0073985202959408,0.0
153M,0,0.0,0.0117976404719056,c9boww7q,0.0117976404719056,,0.0117976404719056,0.0
153M,0,0.1,0.0127974405118976,r09k0cto,0.0117976404719056,,0.0127974405118976,0.0
153M,0,0.1778,0.0123975204959008,ebm3kzag,0.0117976404719056,,0.0123975204959008,0.0
153M,0,0.3162,0.012997400519896,an5ca2zl,0.0117976404719056,,0.012997400519896,0.0
153M,0,0.5623,0.0097980403919216,cjhajlhh,0.0117976404719056,,0.0097980403919216,0.0
153M,0,1.0,0.0093981203759248,f6vj4l0s,0.0117976404719056,,0.0093981203759248,0.0
153M,1,0.0,0.0173965206958608,ionurkem,0.0173965206958608,,0.0117976404719056,0.005598880223955202
153M,1,0.1,0.015996800639872,b7m6v56q,0.0173965206958608,,0.0127974405118976,0.003199360127974402
153M,1,0.1778,0.0167966406718656,8zuomkrk,0.0173965206958608,,0.0123975204959008,0.0043991201759647994
153M,1,0.3162,0.0175964807038592,mxhviuyb,0.0173965206958608,,0.012997400519896,0.004599080183963201
153M,1,0.5623,0.0157968406318736,uaxy6f0q,0.0173965206958608,,0.0097980403919216,0.005998800239952001
153M,1,1.0,0.0103979204159168,tvkz37cy,0.0173965206958608,,0.0093981203759248,0.0009998000399920014
153M,3,0.0,0.0181963607278544,h1eof0ky,0.0181963607278544,,0.0117976404719056,0.0063987202559488005
153M,3,0.1,0.0191961607678464,xgl3msv1,0.0181963607278544,,0.0127974405118976,0.006398720255948802
153M,3,0.1778,0.0173965206958608,edmkroro,0.0181963607278544,,0.0123975204959008,0.004999000199960002
153M,3,0.3162,0.0175964807038592,t38odhq2,0.0181963607278544,,0.012997400519896,0.004599080183963201
153M,3,0.5623,0.015996800639872,hyma7ge0,0.0181963607278544,,0.0097980403919216,0.006198760247950401
153M,3,1.0,0.012997400519896,f8wjalzy,0.0181963607278544,,0.0093981203759248,0.003599280143971201
153M,10,0.0,0.0177964407118576,fvzsslld,0.0177964407118576,,0.0117976404719056,0.005998800239952001
153M,10,0.1,0.016996600679864,fdazbbcg,0.0177964407118576,,0.0127974405118976,0.0041991601679664
153M,10,0.1778,0.018996200759848,xc90mg6w,0.0177964407118576,,0.0123975204959008,0.006598680263947198
153M,10,0.3162,0.0173965206958608,p9ywfc40,0.0177964407118576,,0.012997400519896,0.004399120175964801
153M,10,0.5623,0.0167966406718656,3vuulmga,0.0177964407118576,,0.0097980403919216,0.006998600279943999
153M,10,1.0,0.0095980803839232,lz70ycgv,0.0177964407118576,,0.0093981203759248,0.00019996000799840132
153M,32,0.0,0.0249950009998,4lmh2rch,0.0249950009998,,0.0117976404719056,0.0131973605278944
153M,32,0.1,0.0251949610077984,uegv0r0n,0.0249950009998,,0.0127974405118976,0.0123975204959008
153M,32,0.1778,0.027994401119776,2qhb7eqe,0.0249950009998,,0.0123975204959008,0.0155968806238752
153M,32,0.3162,0.0213957208558288,w2urc26b,0.0249950009998,,0.012997400519896,0.0083983203359328
153M,32,0.5623,0.0243951209758048,gu559vfh,0.0249950009998,,0.0097980403919216,0.0145970805838832
153M,32,1.0,0.015996800639872,sdac0ks7,0.0249950009998,,0.0093981203759248,0.006598680263947202
153M,316,0.0,1.0,xqe689gl,1.0,1.0,0.0117976404719056,0.9882023595280944
153M,316,0.1,1.0,if411o20,1.0,1.0,0.0127974405118976,0.9872025594881024
153M,316,0.1778,1.0,rg6x6g6t,1.0,1.0,0.0123975204959008,0.9876024795040992
153M,316,0.3162,1.0,obimwje4,1.0,1.0,0.012997400519896,0.987002599480104
153M,316,0.5623,0.9852029594081184,tbo9i212,1.0,0.9852029594081184,0.0097980403919216,0.9754049190161969
153M,316,1.0,0.2513497300539892,nkqjmbs5,1.0,0.2513497300539892,0.0093981203759248,0.2419516096780644
153M,1000,0.0,1.0,kfeppd27,1.0,1.0,0.0117976404719056,0.9882023595280944
153M,1000,0.1,1.0,bz06nqby,1.0,1.0,0.0127974405118976,0.9872025594881024
153M,1000,0.1778,1.0,17v3yln2,1.0,1.0,0.0123975204959008,0.9876024795040992
153M,1000,0.3162,1.0,rphugyns,1.0,1.0,0.012997400519896,0.987002599480104
153M,1000,0.5623,0.9984003199360127,8066suhc,1.0,0.9984003199360127,0.0097980403919216,0.9886022795440912
153M,1000,1.0,0.2785442911417716,w1qu60ql,1.0,0.2785442911417716,0.0093981203759248,0.2691461707658468
153M,100,0.0,0.8088382323535293,k9wg5tyo,0.8088382323535293,1.0,0.0117976404719056,0.7970405918816237
153M,100,0.1,0.8084383123375325,ex1f7py9,0.8088382323535293,0.9995055624227441,0.0127974405118976,0.7956408718256349
153M,100,0.1778,0.8000399920015997,wigyqe4w,0.8088382323535293,0.9891223733003709,0.0123975204959008,0.7876424715056989
153M,100,0.3162,0.7636472705458909,wcsdse2y,0.8088382323535293,0.9441285537700866,0.012997400519896,0.7506498700259949
153M,100,0.5623,0.5734853029394121,oq1rnzof,0.8088382323535293,0.7090234857849197,0.0097980403919216,0.5636872625474906
153M,100,1.0,0.052989402119576,f5w9ytz2,0.8088382323535293,0.06551297898640286,0.0093981203759248,0.0435912817436512
153M,0,1.2915,0.0115976804639072,en90bqd9,0.0117976404719056,,0.0115976804639072,0.0
153M,10,0.75,0.0147970405918816,6rdkus8a,0.0177964407118576,,0.0075984803039392,0.0071985602879424005
153M,10,0.938,0.0095980803839232,883675c7,0.0177964407118576,,0.00999800039992,-0.00039992001599679916
153M,10,1.2915,0.0093981203759248,ncoyxbw9,0.0177964407118576,,0.0115976804639072,-0.0021995600879824006
153M,32,0.938,0.0171965606878624,nsz2tnt8,0.0249950009998,,0.00999800039992,0.007198560287942399
153M,32,1.2915,0.0143971205758848,oemc71e3,0.0249950009998,,0.0115976804639072,0.0027994401119775993
153M,32,1.5,0.01999600079984,soqi8mg3,0.0249950009998,,0.0105978804239152,0.0093981203759248
153M,100,0.75,0.3289342131573685,ls7qqhyk,0.8088382323535293,0.40667490729295425,0.0075984803039392,0.32133573285342926
153M,100,0.938,0.0949810037992401,j8mohi01,0.8088382323535293,0.11742892459826941,0.00999800039992,0.0849830033993201
153M,100,1.2915,0.0133973205358928,afk3dzsu,0.8088382323535293,0.016563658838071666,0.0115976804639072,0.0017996400719855997
153M,100,1.5,0.0249950009998,gjbouxb3,0.8088382323535293,0.030902348578491917,0.0105978804239152,0.0143971205758848
153M,316,0.75,0.8612277544491101,ftfwzvxr,1.0,0.8612277544491101,0.0075984803039392,0.853629274145171
153M,316,0.938,0.4351129774045191,0lq644rb,1.0,0.4351129774045191,0.00999800039992,0.4251149770045991
153M,316,1.2915,0.020995800839832,5ntvbaqr,1.0,0.020995800839832,0.0115976804639072,0.009398120375924801
153M,316,1.5,0.011997600479904,99m3pp93,1.0,0.011997600479904,0.0105978804239152,0.0013997200559888005
153M,1000,0.75,0.9286142771445712,fnxlj914,1.0,0.9286142771445712,0.0075984803039392,0.9210157968406321
153M,1000,0.938,0.5450909818036392,twabzp89,1.0,0.5450909818036392,0.00999800039992,0.5350929814037192
153M,1000,1.2915,0.0153969206158768,7hlm3q4n,1.0,0.0153969206158768,0.0115976804639072,0.0037992401519696007
153M,1000,1.5,0.0105978804239152,go9sziun,1.0,0.0105978804239152,0.0105978804239152,0.0
153M,0,0.75,0.0075984803039392,hnx3cjmi,0.0117976404719056,,0.0075984803039392,0.0
153M,0,0.938,0.00999800039992,6eu6h6lb,0.0117976404719056,,0.00999800039992,0.0
153M,0,1.5,0.0105978804239152,jqfa9jee,0.0117976404719056,,0.0105978804239152,0.0
153M,1,0.75,0.0123975204959008,zz19rknf,0.0173965206958608,,0.0075984803039392,0.0047990401919616
153M,1,0.938,0.0143971205758848,e8ruh303,0.0173965206958608,,0.00999800039992,0.0043991201759647994
153M,1,1.2915,0.0113977204559088,3h1lqdch,0.0173965206958608,,0.0115976804639072,-0.00019996000799839958
153M,1,1.5,0.0257948410317936,tjqbltuu,0.0173965206958608,,0.0105978804239152,0.015196960607878401
153M,3,0.75,0.0137972405518896,f67idqdj,0.0181963607278544,,0.0075984803039392,0.006198760247950401
153M,3,0.938,0.0123975204959008,0ny9cxwf,0.0181963607278544,,0.00999800039992,0.0023995200959808
153M,3,1.2915,0.0195960807838432,q0zxcr6z,0.0181963607278544,,0.0115976804639072,0.007998400319936
153M,3,1.5,0.0011997600479904,0qv9iq66,0.0181963607278544,,0.0105978804239152,-0.009398120375924801
153M,10,1.5,0.0223955208958208,itwttof9,0.0177964407118576,,0.0105978804239152,0.011797640471905601
153M,32,0.75,0.0177964407118576,6dled82d,0.0249950009998,,0.0075984803039392,0.010197960407918401
344M,1,0.1,0.0157968406318736,60e0cjjy,0.012997400519896,,0.0157968406318736,0.0
344M,1,0.1778,0.0145970805838832,3x3rglz3,0.012997400519896,,0.0145970805838832,0.0
344M,1,0.3162,0.0133973205358928,6qnd8i83,0.012997400519896,,0.0133973205358928,0.0
344M,1,0.5623,0.0183963207358528,laoopxzv,0.012997400519896,,0.0183963207358528,0.0
344M,1,0.75,0.0137972405518896,8n70fz1j,0.012997400519896,,0.0137972405518896,0.0
344M,1,0.938,0.0127974405118976,3lkxv7an,0.012997400519896,,0.0127974405118976,0.0
344M,1,1.0,0.0107978404319136,2ukse903,0.012997400519896,,0.0107978404319136,0.0
344M,1,1.2915,0.0187962407518496,4dwu1gpi,0.012997400519896,,0.0187962407518496,0.0
344M,1,1.5,0.010997800439912,00d3dsng,0.012997400519896,,0.010997800439912,0.0
344M,3,0.0,0.0153969206158768,tkxvhxgf,0.0153969206158768,,0.012997400519896,0.0023995200959808
344M,3,0.1,0.0167966406718656,5u15kanm,0.0153969206158768,,0.0157968406318736,0.000999800039991998
344M,3,0.1778,0.0167966406718656,3jplpj8q,0.0153969206158768,,0.0145970805838832,0.002199560087982399
344M,3,0.3162,0.0135972805438912,jr0d6o4w,0.0153969206158768,,0.0133973205358928,0.00019996000799839958
344M,3,0.5623,0.0151969606078784,v4q22jhm,0.0153969206158768,,0.0183963207358528,-0.0031993601279744002
344M,3,0.75,0.0135972805438912,6jc8ia8j,0.0153969206158768,,0.0137972405518896,-0.00019996000799840132
344M,3,0.938,0.0111977604479104,uc9mmoc0,0.0153969206158768,,0.0127974405118976,-0.0015996800639871984
344M,3,1.0,0.0121975604879024,cifzzwgi,0.0153969206158768,,0.0107978404319136,0.0013997200559888005
344M,3,1.2915,0.0193961207758448,pv5btg0p,0.0153969206158768,,0.0187962407518496,0.0005998800239952022
344M,3,1.5,0.0215956808638272,zonxxkyn,0.0153969206158768,,0.010997800439912,0.0105978804239152
344M,10,0.0,0.0217956408718256,r0m0b7k1,0.0217956408718256,,0.012997400519896,0.008798240351929599
344M,10,0.1,0.0195960807838432,hrjkxhjs,0.0217956408718256,,0.0157968406318736,0.003799240151969599
344M,10,0.1778,0.021995600879824,jovy0x1k,0.0217956408718256,,0.0145970805838832,0.007398520295940798
344M,10,0.3162,0.021995600879824,hdzq9yrw,0.0217956408718256,,0.0133973205358928,0.0085982803439312
344M,10,0.5623,0.0181963607278544,9tztb4un,0.0217956408718256,,0.0183963207358528,-0.00019996000799839958
344M,10,0.75,0.0153969206158768,12wq7zs5,0.0217956408718256,,0.0137972405518896,0.0015996800639872001
344M,10,0.938,0.012997400519896,tcr3l4if,0.0217956408718256,,0.0127974405118976,0.00019996000799840132
344M,10,1.0,0.0103979204159168,htqkzwmo,0.0217956408718256,,0.0107978404319136,-0.00039992001599679916
344M,10,1.2915,0.0167966406718656,ow18j4fo,0.0217956408718256,,0.0187962407518496,-0.0019996000799839993
344M,10,1.5,0.0249950009998,i2yoj0h2,0.0217956408718256,,0.010997800439912,0.013997200559888
344M,32,0.0,0.1271745650869826,d3usgogz,0.1271745650869826,1.0,0.012997400519896,0.1141771645670866
344M,32,0.1,0.1261747650469906,m2dgryns,0.1271745650869826,0.9921383647798742,0.0157968406318736,0.110377924415117
344M,32,0.1778,0.1247750449910018,v4o340vw,0.1271745650869826,0.9811320754716981,0.0145970805838832,0.11017796440711859
344M,32,0.3162,0.1027794441111777,a0gga04t,0.1271745650869826,0.8081761006289303,0.0133973205358928,0.08938212357528491
344M,32,0.5623,0.0647870425914817,ip93o04i,0.1271745650869826,0.5094339622641509,0.0183963207358528,0.0463907218556289
344M,32,0.75,0.0421915616876624,mgd1crfw,0.1271745650869826,0.33176100628930766,0.0137972405518896,0.028394321135772803
344M,32,0.938,0.0261947610477904,pqhawod4,0.1271745650869826,0.20597484276729527,0.0127974405118976,0.013397320535892801
344M,32,1.0,0.0193961207758448,n6l0yo5p,0.1271745650869826,0.15251572327044002,0.0107978404319136,0.008598280343931201
344M,32,1.2915,0.0171965606878624,gka4n8sa,0.1271745650869826,0.1352201257861633,0.0187962407518496,-0.0015996800639872001
344M,32,1.5,0.0233953209358128,qtfz3s6x,0.1271745650869826,0.1839622641509431,0.010997800439912,0.0123975204959008
344M,100,0.0,0.9912017596480704,k7crfmph,0.9912017596480704,1.0,0.012997400519896,0.9782043591281745
344M,100,0.1,0.9914017196560688,iec1lb1j,0.9912017596480704,1.0002017349203147,0.0157968406318736,0.9756048790241952
344M,100,0.1778,0.991001799640072,os2d152i,0.9912017596480704,0.9997982650796852,0.0145970805838832,0.9764047190561888
344M,100,0.3162,0.9818036392721456,jtp6prqu,0.9912017596480704,0.9905184587452088,0.0133973205358928,0.9684063187362528
344M,100,0.5623,0.8552289542091581,l2mcf5kh,0.9912017596480704,0.8628202541859995,0.0183963207358528,0.8368326334733053
344M,100,0.75,0.5932813437312537,4h77m65h,0.9912017596480704,0.5985475085737341,0.0137972405518896,0.5794841031793642
344M,100,0.938,0.2709458108378324,x9d18wlj,0.9912017596480704,0.2733508170264273,0.0127974405118976,0.25814837032593485
344M,100,1.0,0.1787642471505698,tdr02xlh,0.9912017596480704,0.1803510187613475,0.0107978404319136,0.1679664067186562
344M,100,1.2915,0.0251949610077984,uecx1q3g,0.9912017596480704,0.02541859995965297,0.0187962407518496,0.0063987202559488005
344M,100,1.5,0.020995800839832,i2vldcuw,0.9912017596480704,0.021182166633044147,0.010997800439912,0.009998000399920002
344M,1000,0.0,1.0,uq8sunma,1.0,1.0,0.012997400519896,0.987002599480104
344M,1000,0.1,1.0,14vb1d0i,1.0,1.0,0.0157968406318736,0.9842031593681264
344M,1000,0.1778,1.0,etzqqf0k,1.0,1.0,0.0145970805838832,0.9854029194161168
344M,1000,0.3162,1.0,ql66rbol,1.0,1.0,0.0133973205358928,0.9866026794641072
344M,1000,0.5623,0.9996000799840032,m3q6x76u,1.0,0.9996000799840032,0.0183963207358528,0.9812037592481504
344M,1000,0.75,0.9898020395920816,mjr0gv6d,1.0,0.9898020395920816,0.0137972405518896,0.976004799040192
344M,1000,0.938,0.873625274945011,j5orif9w,1.0,0.873625274945011,0.0127974405118976,0.8608278344331134
344M,1000,1.0,0.727254549090182,o08xuzrk,1.0,0.727254549090182,0.0107978404319136,0.7164567086582684
344M,1000,1.2915,0.0417916416716656,nf68ztl5,1.0,0.0417916416716656,0.0187962407518496,0.022995400919816004
344M,1000,1.5,0.01999600079984,eh3e9865,1.0,0.01999600079984,0.010997800439912,0.008998200359928
344M,3162,0.0,1.0,1yml0np5,1.0,1.0,0.012997400519896,0.987002599480104
344M,3162,0.1,1.0,dh8hn3as,1.0,1.0,0.0157968406318736,0.9842031593681264
344M,3162,0.1778,1.0,nkcoi5dy,1.0,1.0,0.0145970805838832,0.9854029194161168
344M,3162,0.3162,1.0,ki9k0ipd,1.0,1.0,0.0133973205358928,0.9866026794641072
344M,3162,0.5623,1.0,10zpmtfd,1.0,1.0,0.0183963207358528,0.9816036792641472
344M,3162,0.75,0.9984003199360127,jzv224tb,1.0,0.9984003199360127,0.0137972405518896,0.9846030793841232
344M,3162,0.938,0.9082183563287344,r9j1ynh5,1.0,0.9082183563287344,0.0127974405118976,0.8954209158168368
344M,3162,1.0,0.669866026794641,bvl778i1,1.0,0.669866026794641,0.0107978404319136,0.6590681863627275
344M,3162,1.2915,0.01999600079984,4l19ixio,1.0,0.01999600079984,0.0187962407518496,0.001199760047990401
344M,3162,1.5,0.011997600479904,kl6n601r,1.0,0.011997600479904,0.010997800439912,0.0009998000399920014
344M,1,0.0,0.012997400519896,2qi0kpg7,0.012997400519896,,0.012997400519896,0.0
