run_id,stage,Model,Temp.,n_samples,boxed_rate,math_verify_score,empty_rate,mean_response_chars,Parameters,Num. Replicas,Overtrain Multiplier,is_sft
czdnhrm4,pretrained,RylanSchaeffer/mem_Qwen3-153M_minerva_math_rep_0_sbst_1.0000_epch_1_ot_1,0.0,5001,0.0,0.0,0.0,2748.094181163767,153M,0,1.0,False
08lgcuxw,pretrained,RylanSchaeffer/mem_Qwen3-153M_minerva_math_rep_1_sbst_1.0000_epch_1_ot_1,0.0,5001,0.11737652469506099,0.0009998000399920016,0.0,4391.618276344731,153M,1,1.0,False
gd5bguur,pretrained,RylanSchaeffer/mem_Qwen3-153M_minerva_math_rep_3_sbst_1.0000_epch_1_ot_1,0.0,5001,0.275744851029794,0.001999600079984003,0.0,2798.245350929814,153M,3,1.0,False
4hm3z044,pretrained,RylanSchaeffer/mem_Qwen3-153M_minerva_math_rep_10_sbst_1.0000_epch_1_ot_1,0.0,5001,0.5764847030593881,0.008998200359928014,0.0001999600079984003,1738.1421715656868,153M,10,1.0,False
ah5tgh7l,pretrained,RylanSchaeffer/mem_Qwen3-153M_minerva_math_rep_32_sbst_1.0000_epch_1_ot_1,0.0,5001,0.823635272945411,0.009198160367926415,0.0001999600079984003,884.7794441111778,153M,32,1.0,False
gp83vvb6,pretrained,RylanSchaeffer/mem_Qwen3-153M_minerva_math_rep_100_sbst_1.0000_epch_1_ot_1,0.0,5001,0.886622675464907,0.011197760447910418,0.0003999200159968006,257.3497300539892,153M,100,1.0,False
98wtt8zm,pretrained,RylanSchaeffer/mem_Qwen3-153M_minerva_math_rep_316_sbst_1.0000_epch_1_ot_1,0.0,5001,0.6028794241151769,0.007798440311937612,0.0,158.876424715057,153M,316,1.0,False
gqlfp4a7,pretrained,RylanSchaeffer/mem_Qwen3-153M_minerva_math_rep_1000_sbst_1.0000_epch_1_ot_1,0.0,5001,0.6068786242751449,0.008798240351929614,0.0001999600079984003,166.0389922015597,153M,1000,1.0,False
uuli6cbt,pretrained,RylanSchaeffer/mem_Qwen3-344M_minerva_math_rep_0_sbst_1.0000_epch_1_ot_1,0.0,5001,0.0,0.0,0.0,3695.6974605078985,344M,0,1.0,False
nxv6vyso,pretrained,RylanSchaeffer/mem_Qwen3-344M_minerva_math_rep_1_sbst_1.0000_epch_1_ot_1,0.0,5001,0.2531493701259748,0.0011997600479904018,0.0001999600079984003,2274.00199960008,344M,1,1.0,False
mt5inbd0,pretrained,RylanSchaeffer/mem_Qwen3-344M_minerva_math_rep_3_sbst_1.0000_epch_1_ot_1,0.0,5001,0.24235152969406118,0.002599480103979204,0.0,3343.4405118976206,344M,3,1.0,False
4ser4zca,pretrained,RylanSchaeffer/mem_Qwen3-344M_minerva_math_rep_10_sbst_1.0000_epch_1_ot_1,0.0,5001,0.21155768846230755,0.002999400119976005,0.0,2837.9528094381126,344M,10,1.0,False
y9bz5yiv,pretrained,RylanSchaeffer/mem_Qwen3-344M_minerva_math_rep_32_sbst_1.0000_epch_1_ot_1,0.0,5001,0.5712857428514297,0.0057988402319536095,0.0009998000399920016,390.5518896220756,344M,32,1.0,False
k2zgtf8o,pretrained,RylanSchaeffer/mem_Qwen3-344M_minerva_math_rep_100_sbst_1.0000_epch_1_ot_1,0.0,5001,0.6596680663867227,0.007398520295940812,0.0061987602479504095,240.29614077184564,344M,100,1.0,False
msxk1e3o,pretrained,RylanSchaeffer/mem_Qwen3-344M_minerva_math_rep_316_sbst_1.0000_epch_1_ot_1,0.0,5001,0.6202759448110378,0.0065986802639472104,0.0005998800239952009,191.05178964207158,344M,316,1.0,False
m1l9g1hq,pretrained,RylanSchaeffer/mem_Qwen3-344M_minerva_math_rep_1000_sbst_1.0000_epch_1_ot_1,0.0,5001,0.618876224755049,0.010397920415916816,0.0065986802639472104,172.58268346330735,344M,1000,1.0,False
9sa3gfmo,pretrained,RylanSchaeffer/mem_Qwen3-344M_minerva_math_rep_3162_sbst_1.0000_epch_1_ot_1,0.0,5001,0.5892821435712857,0.005198960207958408,0.0003999200159968006,134.19156168766247,344M,3162,1.0,False
ve2vh284,pretrained,RylanSchaeffer/mem_Qwen3-34M_minerva_math_rep_0_sbst_1.0000_epch_1_ot_1,0.0,5001,0.0,0.0,0.0001999600079984003,3618.25074985003,34M,0,1.0,False
tf0rswrx,pretrained,RylanSchaeffer/mem_Qwen3-34M_minerva_math_rep_1_sbst_1.0000_epch_1_ot_1,0.0,5001,0.0,0.0,0.002599480103979204,3342.500299940012,34M,1,1.0,False
189fsppt,pretrained,RylanSchaeffer/mem_Qwen3-34M_minerva_math_rep_3_sbst_1.0000_epch_1_ot_1,0.0,5001,0.0,0.0,0.0001999600079984003,3791.2855428914218,34M,3,1.0,False
x8jvk6g7,pretrained,RylanSchaeffer/mem_Qwen3-34M_minerva_math_rep_10_sbst_1.0000_epch_1_ot_1,0.0,5001,0.010397920415916816,0.0003999200159968006,0.0001999600079984003,3439.911217756449,34M,10,1.0,False
3u109t8v,pretrained,RylanSchaeffer/mem_Qwen3-34M_minerva_math_rep_32_sbst_1.0000_epch_1_ot_1,0.0,5001,0.3853229354129174,0.006998600279944011,0.0,1646.4845030993802,34M,32,1.0,False
6qen2jn5,pretrained,RylanSchaeffer/mem_Qwen3-34M_minerva_math_rep_100_sbst_1.0000_epch_1_ot_1,0.0,5001,0.395120975804839,0.004999000199960008,0.0,100.85662867426515,34M,100,1.0,False
nvfl9cbf,pretrained,RylanSchaeffer/mem_Qwen3-34M_minerva_math_rep_316_sbst_1.0000_epch_1_ot_1,0.0,5001,0.5198960207958409,0.00599880023995201,0.0009998000399920016,91.23595280943812,34M,316,1.0,False
ezh98p5z,pretrained,RylanSchaeffer/mem_Qwen3-62M_minerva_math_rep_0_sbst_1.0000_epch_1_ot_1,0.0,5001,0.0,0.0,0.023795240951809637,3987.7276544691063,62M,0,1.0,False
brt4fkbb,pretrained,RylanSchaeffer/mem_Qwen3-62M_minerva_math_rep_1_sbst_1.0000_epch_1_ot_1,0.0,5001,0.0001999600079984003,0.0,0.0003999200159968006,3211.72825434913,62M,1,1.0,False
hp1088ag,pretrained,RylanSchaeffer/mem_Qwen3-62M_minerva_math_rep_3_sbst_1.0000_epch_1_ot_1,0.0,5001,0.11097780443911218,0.0015996800639872025,0.0,4406.838032393522,62M,3,1.0,False
iwwlj8ug,pretrained,RylanSchaeffer/mem_Qwen3-62M_minerva_math_rep_10_sbst_1.0000_epch_1_ot_1,0.0,5001,0.038592281543691265,0.0007998400319936012,0.0,3231.9768046390723,62M,10,1.0,False
gpgtcec5,pretrained,RylanSchaeffer/mem_Qwen3-62M_minerva_math_rep_32_sbst_1.0000_epch_1_ot_1,0.0,5001,0.33213357328534293,0.0009998000399920016,0.0,1258.9732053589282,62M,32,1.0,False
jzqnwuit,pretrained,RylanSchaeffer/mem_Qwen3-62M_minerva_math_rep_100_sbst_1.0000_epch_1_ot_1,0.0,5001,0.6482703459308138,0.0061987602479504095,0.0,144.44251149770045,62M,100,1.0,False
hqseauvt,pretrained,RylanSchaeffer/mem_Qwen3-62M_minerva_math_rep_316_sbst_1.0000_epch_1_ot_1,0.0,5001,0.6594681063787242,0.00599880023995201,0.0,138.37192561487703,62M,316,1.0,False
492evotv,pretrained,RylanSchaeffer/mem_Qwen3-93M_minerva_math_rep_0_sbst_1.0000_epch_1_ot_1,0.0,5001,0.0,0.0,0.0001999600079984003,3256.177764447111,93M,0,1.0,False
wtfxqh5j,pretrained,RylanSchaeffer/mem_Qwen3-93M_minerva_math_rep_1_sbst_1.0000_epch_1_ot_1,0.0,5001,0.0631873625274945,0.0001999600079984003,0.0,5196.044191161767,93M,1,1.0,False
bvmztk5l,pretrained,RylanSchaeffer/mem_Qwen3-93M_minerva_math_rep_3_sbst_1.0000_epch_1_ot_1,0.0,5001,0.5998800239952009,0.005398920215956809,0.0,1507.2623475304938,93M,3,1.0,False
af4xkwn3,pretrained,RylanSchaeffer/mem_Qwen3-93M_minerva_math_rep_10_sbst_1.0000_epch_1_ot_1,0.0,5001,0.526494701059788,0.005398920215956809,0.0,2105.5462907418514,93M,10,1.0,False
gd78rq01,pretrained,RylanSchaeffer/mem_Qwen3-93M_minerva_math_rep_32_sbst_1.0000_epch_1_ot_1,0.0,5001,0.5684863027394521,0.005198960207958408,0.0,741.134573085383,93M,32,1.0,False
h8r60oku,pretrained,RylanSchaeffer/mem_Qwen3-93M_minerva_math_rep_100_sbst_1.0000_epch_1_ot_1,0.0,5001,0.6954609078184363,0.003599280143971206,0.0,164.00739852029594,93M,100,1.0,False
cqx6lcs4,pretrained,RylanSchaeffer/mem_Qwen3-93M_minerva_math_rep_316_sbst_1.0000_epch_1_ot_1,0.0,5001,0.42911417716456707,0.005398920215956809,0.0,114.42671465706859,93M,316,1.0,False
jyco3jac,pretrained,RylanSchaeffer/mem_Qwen3-93M_minerva_math_rep_1000_sbst_1.0000_epch_1_ot_1,0.0,5001,0.5068986202759448,0.005198960207958408,0.003599280143971206,109.50249950009999,93M,1000,1.0,False
qrnf0h8e,sft,RylanSchaeffer/mem_Qwen3-153M_minerva_math_rep_0_sbst_1.0000_epch_1_ot_1_sft,0.0,5001,0.0,0.0,0.0,3103.3029394121177,153M,0,1.0,True
oixuhasm,sft,RylanSchaeffer/mem_Qwen3-153M_minerva_math_rep_1_sbst_1.0000_epch_1_ot_1_sft,0.0,5001,0.23055388922215556,0.0027994401119776045,0.0,2168.025394921016,153M,1,1.0,True
m7ph8200,sft,RylanSchaeffer/mem_Qwen3-153M_minerva_math_rep_3_sbst_1.0000_epch_1_ot_1_sft,0.0,5001,0.3385322935412917,0.0023995200959808036,0.0,2216.6758648270347,153M,3,1.0,True
k96psa6x,sft,RylanSchaeffer/mem_Qwen3-153M_minerva_math_rep_10_sbst_1.0000_epch_1_ot_1_sft,0.0,5001,0.5132973405318936,0.006798640271945611,0.0001999600079984003,1946.886022795441,153M,10,1.0,True
udrgxg6o,sft,RylanSchaeffer/mem_Qwen3-153M_minerva_math_rep_32_sbst_1.0000_epch_1_ot_1_sft,0.0,5001,0.4999000199960008,0.006998600279944011,0.0,1784.2237552489503,153M,32,1.0,True
p47sf02g,sft,RylanSchaeffer/mem_Qwen3-153M_minerva_math_rep_100_sbst_1.0000_epch_1_ot_1_sft,0.0,5001,0.5890821835632873,0.007998400319936013,0.0001999600079984003,1795.0167966406718,153M,100,1.0,True
3gqu30oi,sft,RylanSchaeffer/mem_Qwen3-153M_minerva_math_rep_316_sbst_1.0000_epch_1_ot_1_sft,0.0,5001,0.08318336332733453,0.0011997600479904018,0.0,2587.5524895020994,153M,316,1.0,True
38tcksqj,sft,RylanSchaeffer/mem_Qwen3-153M_minerva_math_rep_1000_sbst_1.0000_epch_1_ot_1_sft,0.0,5001,0.05398920215956809,0.0005998800239952009,0.0001999600079984003,2691.7994401119777,153M,1000,1.0,True
pcub76ar,sft,RylanSchaeffer/mem_Qwen3-344M_minerva_math_rep_0_sbst_1.0000_epch_1_ot_1_sft,0.0,5001,0.09658068386322735,0.0013997200559888023,0.0,3340.896220755849,344M,0,1.0,True
85tjbc9r,sft,RylanSchaeffer/mem_Qwen3-344M_minerva_math_rep_1_sbst_1.0000_epch_1_ot_1_sft,0.0,5001,0.16056788642271547,0.0009998000399920016,0.0,2556.046190761848,344M,1,1.0,True
66lqmlpj,sft,RylanSchaeffer/mem_Qwen3-344M_minerva_math_rep_3_sbst_1.0000_epch_1_ot_1_sft,0.0,5001,0.27134573085382924,0.0011997600479904018,0.0,3013.9370125974806,344M,3,1.0,True
jeavrks8,sft,RylanSchaeffer/mem_Qwen3-344M_minerva_math_rep_10_sbst_1.0000_epch_1_ot_1_sft,0.0,5001,0.1895620875824835,0.0011997600479904018,0.0,2615.7994401119777,344M,10,1.0,True
0g2dd3ne,sft,RylanSchaeffer/mem_Qwen3-344M_minerva_math_rep_32_sbst_1.0000_epch_1_ot_1_sft,0.0,5001,0.4389122175564887,0.002599480103979204,0.0,2106.4513097380523,344M,32,1.0,True
ojy6yih5,sft,RylanSchaeffer/mem_Qwen3-344M_minerva_math_rep_100_sbst_1.0000_epch_1_ot_1_sft,0.0,5001,0.6760647870425914,0.007598480303939212,0.0001999600079984003,1125.863627274545,344M,100,1.0,True
osqxfcxb,sft,RylanSchaeffer/mem_Qwen3-344M_minerva_math_rep_316_sbst_1.0000_epch_1_ot_1_sft,0.0,5001,0.13897220555888823,0.0015996800639872025,0.0,3923.738052389522,344M,316,1.0,True
r2cx1nn1,sft,RylanSchaeffer/mem_Qwen3-344M_minerva_math_rep_1000_sbst_1.0000_epch_1_ot_1_sft,0.0,5001,0.276744651069786,0.002999400119976005,0.0,2040.8364327134573,344M,1000,1.0,True
s0tkmgrz,sft,RylanSchaeffer/mem_Qwen3-344M_minerva_math_rep_3162_sbst_1.0000_epch_1_ot_1_sft,0.0,5001,0.15656868626274745,0.001999600079984003,0.0001999600079984003,2159.0369926014796,344M,3162,1.0,True
4eplata5,sft,RylanSchaeffer/mem_Qwen3-34M_minerva_math_rep_0_sbst_1.0000_epch_1_ot_1_sft,0.0,5001,0.0,0.0,0.0,2080.2987402519498,34M,0,1.0,True
ogghbkit,sft,RylanSchaeffer/mem_Qwen3-34M_minerva_math_rep_1_sbst_1.0000_epch_1_ot_1_sft,0.0,5001,0.0,0.0,0.005398920215956809,2085.3173365326934,34M,1,1.0,True
hjcly0x3,sft,RylanSchaeffer/mem_Qwen3-34M_minerva_math_rep_3_sbst_1.0000_epch_1_ot_1_sft,0.0,5001,0.0,0.0,0.0,2466.366926614677,34M,3,1.0,True
nsjlw6q9,sft,RylanSchaeffer/mem_Qwen3-34M_minerva_math_rep_10_sbst_1.0000_epch_1_ot_1_sft,0.0,5001,0.0011997600479904018,0.0,0.004999000199960008,3821.4775044991,34M,10,1.0,True
q2mao69l,sft,RylanSchaeffer/mem_Qwen3-34M_minerva_math_rep_32_sbst_1.0000_epch_1_ot_1_sft,0.0,5001,0.09778044391121776,0.0023995200959808036,0.002999400119976005,2607.2103579284144,34M,32,1.0,True
jd9ummnd,sft,RylanSchaeffer/mem_Qwen3-34M_minerva_math_rep_100_sbst_1.0000_epch_1_ot_1_sft,0.0,5001,0.22375524895020996,0.002999400119976005,0.0,703.4041191761647,34M,100,1.0,True
9g8xkfh2,sft,RylanSchaeffer/mem_Qwen3-34M_minerva_math_rep_316_sbst_1.0000_epch_1_ot_1_sft,0.0,5001,0.3695260947810438,0.004199160167966407,0.0,497.46690661867626,34M,316,1.0,True
3m6vj025,sft,RylanSchaeffer/mem_Qwen3-62M_minerva_math_rep_0_sbst_1.0000_epch_1_ot_1_sft,0.0,5001,0.0,0.0,0.0,4114.363127374525,62M,0,1.0,True
b0zckuz8,sft,RylanSchaeffer/mem_Qwen3-62M_minerva_math_rep_1_sbst_1.0000_epch_1_ot_1_sft,0.0,5001,0.05718856228754249,0.0003999200159968006,0.0009998000399920016,3530.631673665267,62M,1,1.0,True
it3zhqkk,sft,RylanSchaeffer/mem_Qwen3-62M_minerva_math_rep_3_sbst_1.0000_epch_1_ot_1_sft,0.0,5001,0.17636472705458908,0.0011997600479904018,0.0,3364.2973405318935,62M,3,1.0,True
9zjc1ba5,sft,RylanSchaeffer/mem_Qwen3-62M_minerva_math_rep_10_sbst_1.0000_epch_1_ot_1_sft,0.0,5001,0.03099380123975205,0.0001999600079984003,0.0,3335.405918816237,62M,10,1.0,True
1yrlb0gp,sft,RylanSchaeffer/mem_Qwen3-62M_minerva_math_rep_32_sbst_1.0000_epch_1_ot_1_sft,0.0,5001,0.33813237352529496,0.0011997600479904018,0.0,1728.9060187962407,62M,32,1.0,True
qumz48tj,sft,RylanSchaeffer/mem_Qwen3-62M_minerva_math_rep_100_sbst_1.0000_epch_1_ot_1_sft,0.0,5001,0.2485502899420116,0.0021995600879824036,0.0,1492.1697660467908,62M,100,1.0,True
cxu0yyhp,sft,RylanSchaeffer/mem_Qwen3-62M_minerva_math_rep_316_sbst_1.0000_epch_1_ot_1_sft,0.0,5001,0.2349530093981204,0.001999600079984003,0.0,331.1799640071986,62M,316,1.0,True
wpwo3psw,sft,RylanSchaeffer/mem_Qwen3-93M_minerva_math_rep_0_sbst_1.0000_epch_1_ot_1_sft,0.0,5001,0.0,0.0,0.0,4612.81523695261,93M,0,1.0,True
wydj08dw,sft,RylanSchaeffer/mem_Qwen3-93M_minerva_math_rep_1_sbst_1.0000_epch_1_ot_1_sft,0.0,5001,0.03799240151969606,0.0005998800239952009,0.0,4544.787842431514,93M,1,1.0,True
bhpv7ci3,sft,RylanSchaeffer/mem_Qwen3-93M_minerva_math_rep_3_sbst_1.0000_epch_1_ot_1_sft,0.0,5001,0.1819636072785443,0.0023995200959808036,0.0,3477.476704659068,93M,3,1.0,True
da13cu0k,sft,RylanSchaeffer/mem_Qwen3-93M_minerva_math_rep_10_sbst_1.0000_epch_1_ot_1_sft,0.0,5001,0.03679264147170566,0.0003999200159968006,0.0,3338.0249950009998,93M,10,1.0,True
roicl6do,sft,RylanSchaeffer/mem_Qwen3-93M_minerva_math_rep_32_sbst_1.0000_epch_1_ot_1_sft,0.0,5001,0.2505498900219956,0.001999600079984003,0.0,3199.4257148570287,93M,32,1.0,True
zkd4a6ff,sft,RylanSchaeffer/mem_Qwen3-93M_minerva_math_rep_100_sbst_1.0000_epch_1_ot_1_sft,0.0,5001,0.42191561687662466,0.003799240151969606,0.0,1738.2975404919016,93M,100,1.0,True
jpvxl6v2,sft,RylanSchaeffer/mem_Qwen3-93M_minerva_math_rep_316_sbst_1.0000_epch_1_ot_1_sft,0.0,5001,0.07918416316736653,0.0007998400319936012,0.0,2665.6494701059787,93M,316,1.0,True
za189qrk,sft,RylanSchaeffer/mem_Qwen3-93M_minerva_math_rep_1000_sbst_1.0000_epch_1_ot_1_sft,0.0,5001,0.11017796440711858,0.0015996800639872025,0.0,372.16956608678265,93M,1000,1.0,True
