_runtime,_step,_timestamp,_wandb.runtime,eval/loss,eval/model_preparation_time,eval/runtime,eval/samples_per_second,eval/steps_per_second,eval_after/epoch,eval_after/eval_loss,eval_after/eval_model_preparation_time,eval_after/eval_runtime,eval_after/eval_samples_per_second,eval_after/eval_steps_per_second,eval_after/num_input_tokens_seen,eval_before/eval_loss,eval_before/eval_model_preparation_time,eval_before/eval_runtime,eval_before/eval_samples_per_second,eval_before/eval_steps_per_second,eval_before/num_input_tokens_seen,total_flos,train/epoch,train/global_step,train/grad_norm,train/learning_rate,train/loss,train/num_input_tokens_seen,train/train_tokens_per_second,train_loss,train_runtime,train_samples_per_second,train_steps_per_second,accelerator_config,adafactor,adam_beta1,adam_beta2,adam_epsilon,add_cross_attention,architectures,attention_bias,attention_dropout,auto_find_batch_size,average_tokens_across_devices,bad_words_ids,batch_eval_metrics,begin_suppress_tokens,bf16,bf16_full_eval,bos_token_id,chunk_size_feed_forward,cross_attention_hidden_size,data_config,data_seed,dataloader_drop_last,dataloader_num_workers,dataloader_persistent_workers,dataloader_pin_memory,dataloader_prefetch_factor,ddp_backend,ddp_broadcast_buffers,ddp_bucket_cap_mb,ddp_find_unused_parameters,ddp_timeout,debug,decoder_start_token_id,deepspeed,disable_tqdm,diversity_penalty,do_eval,do_predict,do_sample,do_train,early_stopping,encoder_no_repeat_ngram_size,eos_token_id,eval_accumulation_steps,eval_delay,eval_do_concat_batches,eval_on_start,eval_steps,eval_strategy,eval_use_gather_object,exponential_decay_length_penalty,finetuning_task,forced_bos_token_id,forced_eos_token_id,fp16,fp16_backend,fp16_full_eval,fp16_opt_level,fsdp,fsdp_config,fsdp_min_num_params,fsdp_transformer_layer_cls_to_wrap,full_determinism,gradient_accumulation_steps,gradient_checkpointing,gradient_checkpointing_kwargs,greater_is_better,group_by_length,half_precision_backend,head_dim,hidden_act,hidden_size,hub_always_push,hub_model_id,hub_private_repo,hub_revision,hub_strategy,hub_token,id2label,ignore_data_skip,include_for_metrics,include_inputs_for_metrics,include_num_input_tokens_seen,include_tokens_per_second,initializer_range,intermediate_size,is_decoder,is_encoder_decoder,jit_mode_eval,label2id,label_names,label_smoothing_factor,layer_types,learning_rate,length_column_name,length_penalty,liger_kernel_config,load_best_model_at_end,local_rank,log_level,log_level_replica,log_on_each_node,logging_dir,logging_first_step,logging_nan_inf_filter,logging_steps,logging_strategy,lr_scheduler_type,max_grad_norm,max_length,max_position_embeddings,max_steps,max_window_layers,metric_for_best_model,min_length,model/num_parameters,model_config,model_type,mp_parameters,neftune_noise_alpha,no_cuda,no_repeat_ngram_size,num_attention_heads,num_beam_groups,num_beams,num_hidden_layers,num_key_value_heads,num_return_sequences,num_train_epochs,optim,optim_args,optim_target_modules,output_attentions,output_dir,output_hidden_states,output_scores,overwrite_output_dir,pad_token_id,past_index,per_device_eval_batch_size,per_device_train_batch_size,per_gpu_eval_batch_size,per_gpu_train_batch_size,prediction_loss_only,prefix,problem_type,push_to_hub,push_to_hub_model_id,push_to_hub_organization,push_to_hub_token,ray_scope,remove_invalid_values,remove_unused_columns,repetition_penalty,report_to,restore_callback_states_from_checkpoint,resume_from_checkpoint,return_dict,return_dict_in_generate,rms_norm_eps,rope_scaling,rope_theta,run_name,save_on_each_node,save_only_model,save_safetensors,save_steps,save_strategy,save_total_limit,seed,sep_token_id,skip_memory_metrics,sliding_window,suppress_tokens,task_specific_params,temperature,tf32,tf_legacy_loss,tie_encoder_decoder,tie_word_embeddings,tokenizer_class,top_k,top_p,torch_compile,torch_compile_backend,torch_compile_mode,torch_dtype,torch_empty_cache_steps,torchdynamo,torchscript,tpu_metrics_debug,tpu_num_cores,trainer_config,transformers_version,typical_p,use_bfloat16,use_cache,use_cpu,use_ipex,use_legacy_prediction_loop,use_liger_kernel,use_mps_device,use_sliding_window,vocab_size,warmup_ratio,warmup_steps,weight_decay,State,Sweep,run_id
37592,2493.0,1756158579.9705217,37592.0,2.590212821960449,0.0007,28.4243,175.906,11.012,1.0,2.590212821960449,0.0007,28.4243,175.906,11.012,1700563472.0,11.92393398284912,0.0007,28.6273,174.659,10.934,0.0,1.989590695520809e+17,1.0,2484.0,0.2346513271331787,4.12414244562401e-10,4.3711,1700563472.0,45589.95,5.271869497406694,37301.2808,23.44,0.067,"{'dispatch_batches': None, 'even_batches': True, 'gradient_accumulation_kwargs': None, 'non_blocking': False, 'split_batches': False, 'use_seedable_sampler': True}",False,0.9,0.999,1e-08,False,,False,0.0,False,False,,False,,True,False,,0.0,,"{'benchmark': 'EleutherAI/minerva_math', 'corpus': 'fineweb-edu-dedup', 'num_benchmark_replicas_per_epoch': 3, 'shuffle_seed': 0}",0.0,True,8.0,False,True,4.0,,,,,1800.0,[],,,False,0.0,True,False,False,False,False,0.0,151643.0,,0.0,True,True,500.0,steps,False,,,,,False,auto,False,O1,[],"{'min_num_params': 0, 'xla': False, 'xla_fsdp_grad_ckpt': False, 'xla_fsdp_v2': False}",0.0,,False,22.0,True,,False,False,auto,128.0,silu,96.0,False,RylanSchaeffer/mem_Qwen3-34M_minerva_math_replicas_3_epch_1_ot_1_pt,True,,end,<HUB_TOKEN>,"{'0': 'LABEL_0', '1': 'LABEL_1'}",False,[],False,True,False,0.02,256.0,False,False,False,"{'LABEL_0': 0, 'LABEL_1': 1}",,0.0,"['full_attention', 'full_attention', 'full_attention']",0.0008341810355072812,length,1.0,,False,0.0,passive,warning,True,models/pt_language_model/mem_Qwen3-34M_minerva_math_replicas_3_epch_1_ot_1_pt/runs/Aug25_04-23-27_skampere1,False,True,1.0,steps,cosine,1.0,20.0,32768.0,-1.0,28.0,eval_loss,0.0,34057440.0,"{'model_name': 'Qwen3/Qwen3-34M', 'torch_dtype': 'bfloat16'}",qwen3,,,False,0.0,32.0,1.0,1.0,3.0,32.0,1.0,1.0,adamw_torch,,,False,models/pt_language_model/mem_Qwen3-34M_minerva_math_replicas_3_epch_1_ot_1_pt,False,False,False,151646.0,-1.0,16.0,16.0,,,False,,,False,,,<PUSH_TO_HUB_TOKEN>,last,False,True,1.0,['wandb'],False,,True,False,1e-06,,10000.0,"34M, num_replicas=3",False,False,True,500.0,best,1.0,0,,True,,,,1.0,,False,False,False,,50.0,1.0,False,,,bfloat16,,,False,False,,"{'base_learning_rate': 1e-06, 'data_seed': 0, 'dataloader_drop_last': True, 'dataloader_num_workers': 8, 'dataloader_prefetch_factor': 4, 'eval_on_start': True, 'eval_steps': 500, 'eval_strategy': 'steps', 'gradient_checkpointing': True, 'hub_strategy': 'end', 'logging_steps': 1, 'lr_scheduler_type': 'cosine', 'max_grad_norm': 1, 'max_length': 2048, 'max_steps': -1, 'num_train_epochs': 1, 'optim': 'adamw_torch', 'overtrain_multiplier': 1, 'per_device_eval_batch_size': 16, 'per_device_train_batch_size': 16, 'remove_unused_columns': True, 'report_to': 'wandb', 'save_strategy': 'best', 'save_total_limit': 1, 'torch_compile': False, 'warmup_steps': 250, 'weight_decay': 0}",4.54.1,1.0,False,True,False,False,False,False,False,False,151647.0,0.0,250.0,0.0,finished,6958x53a,7cnht79t
175647,5577.0,1756483983.4969072,175647.0,0.7058241367340088,0.0018,39.9781,125.069,7.829,1.0,0.7058241367340088,0.0018,39.9781,125.069,7.829,4570771548.0,11.985098838806152,0.0018,42.1045,118.752,7.434,0.0,1.6205226610101258e+18,1.0,5550.0,0.1589445173740387,8.367053619116129e-11,3.4344,4570771548.0,26317.24,3.933679001524642,173679.7494,14.188,0.032,"{'dispatch_batches': None, 'even_batches': True, 'gradient_accumulation_kwargs': None, 'non_blocking': False, 'split_batches': False, 'use_seedable_sampler': True}",False,0.9,0.999,1e-08,False,,False,0.0,False,False,,False,,True,False,,0.0,,"{'benchmark': 'EleutherAI/minerva_math', 'corpus': 'fineweb-edu-dedup', 'num_benchmark_replicas_per_epoch': 32, 'shuffle_seed': 0}",0.0,True,8.0,False,True,4.0,,,,,1800.0,[],,,False,0.0,True,False,False,False,False,0.0,151643.0,,0.0,True,True,250.0,steps,False,,,,,False,auto,False,O1,[],"{'min_num_params': 0, 'xla': False, 'xla_fsdp_grad_ckpt': False, 'xla_fsdp_v2': False}",0.0,,False,37.0,True,,False,False,auto,128.0,silu,224.0,False,RylanSchaeffer/mem_Qwen3-93M_minerva_math_replicas_32_epch_1_ot_1_pt,True,,end,<HUB_TOKEN>,"{'0': 'LABEL_0', '1': 'LABEL_1'}",False,[],False,True,False,0.02,768.0,False,False,False,"{'LABEL_0': 0, 'LABEL_1': 1}",,0.0,"['full_attention', 'full_attention', 'full_attention', 'full_attention', 'full_attention', 'full_attention']",0.0009525429124191728,length,1.0,,False,0.0,passive,warning,True,models/pt_language_model/mem_Qwen3-93M_minerva_math_replicas_32_epch_1_ot_1_pt/runs/Aug27_08-26-01_skampere1,False,True,1.0,steps,cosine,1.0,20.0,32768.0,-1.0,28.0,eval_loss,0.0,93058976.0,"{'model_name': 'Qwen3/Qwen3-93M', 'torch_dtype': 'bfloat16'}",qwen3,,,False,0.0,32.0,1.0,1.0,6.0,32.0,1.0,1.0,adamw_torch,,,False,models/pt_language_model/mem_Qwen3-93M_minerva_math_replicas_32_epch_1_ot_1_pt,False,False,False,151646.0,-1.0,16.0,12.0,,,False,,,False,,,<PUSH_TO_HUB_TOKEN>,last,False,True,1.0,['wandb'],False,,True,False,1e-06,,10000.0,"93M, num_replicas=32",False,False,True,500.0,best,1.0,0,,True,,,,1.0,,False,False,False,,50.0,1.0,False,,,bfloat16,,,False,False,,"{'base_learning_rate': 1e-06, 'data_seed': 0, 'dataloader_drop_last': True, 'dataloader_num_workers': 8, 'dataloader_prefetch_factor': 4, 'eval_on_start': True, 'eval_steps': 250, 'eval_strategy': 'steps', 'gradient_checkpointing': True, 'hub_strategy': 'end', 'logging_steps': 1, 'lr_scheduler_type': 'cosine', 'max_grad_norm': 1, 'max_length': 2048, 'max_steps': -1, 'num_train_epochs': 1, 'optim': 'adamw_torch', 'overtrain_multiplier': 1, 'per_device_eval_batch_size': 16, 'per_device_train_batch_size': 12, 'remove_unused_columns': True, 'report_to': 'wandb', 'save_strategy': 'best', 'save_total_limit': 1, 'torch_compile': False, 'warmup_steps': 250, 'weight_decay': 0}",4.54.1,1.0,False,True,False,False,False,False,False,False,151647.0,0.0,250.0,0.0,finished,gws5uy57,czxpuojy
184332,6063.0,1756344016.3742542,184332.0,0.06063400208950043,0.001,39.5988,126.267,7.904,1.0,0.06063400208950043,0.001,39.5988,126.267,7.904,4843740012.0,11.985098838806152,0.001,41.4131,120.735,7.558,0.0,1.7173009788516035e+18,1.0,6034.0,0.14463037252426147,7.025346107157787e-11,3.2774,4843740012.0,26341.549,3.7482222265307383,183882.1264,14.57,0.033,"{'dispatch_batches': None, 'even_batches': True, 'gradient_accumulation_kwargs': None, 'non_blocking': False, 'split_batches': False, 'use_seedable_sampler': True}",False,0.9,0.999,1e-08,False,,False,0.0,False,False,,False,,True,False,,0.0,,"{'benchmark': 'EleutherAI/minerva_math', 'corpus': 'fineweb-edu-dedup', 'num_benchmark_replicas_per_epoch': 100, 'shuffle_seed': 0}",0.0,True,8.0,False,True,4.0,,,,,1800.0,[],,,False,0.0,True,False,False,False,False,0.0,151643.0,,0.0,True,True,250.0,steps,False,,,,,False,auto,False,O1,[],"{'min_num_params': 0, 'xla': False, 'xla_fsdp_grad_ckpt': False, 'xla_fsdp_v2': False}",0.0,,False,37.0,True,,False,False,auto,128.0,silu,224.0,False,RylanSchaeffer/mem_Qwen3-93M_minerva_math_replicas_100_epch_1_ot_1_pt,True,,end,<HUB_TOKEN>,"{'0': 'LABEL_0', '1': 'LABEL_1'}",False,[],False,True,False,0.02,768.0,False,False,False,"{'LABEL_0': 0, 'LABEL_1': 1}",,0.0,"['full_attention', 'full_attention', 'full_attention', 'full_attention', 'full_attention', 'full_attention']",0.0009525429124191728,length,1.0,,False,0.0,passive,warning,True,models/pt_language_model/mem_Qwen3-93M_minerva_math_replicas_100_epch_1_ot_1_pt/runs/Aug25_15-08-32_skampere1,False,True,1.0,steps,cosine,1.0,20.0,32768.0,-1.0,28.0,eval_loss,0.0,93058976.0,"{'model_name': 'Qwen3/Qwen3-93M', 'torch_dtype': 'bfloat16'}",qwen3,,,False,0.0,32.0,1.0,1.0,6.0,32.0,1.0,1.0,adamw_torch,,,False,models/pt_language_model/mem_Qwen3-93M_minerva_math_replicas_100_epch_1_ot_1_pt,False,False,False,151646.0,-1.0,16.0,12.0,,,False,,,False,,,<PUSH_TO_HUB_TOKEN>,last,False,True,1.0,['wandb'],False,,True,False,1e-06,,10000.0,"93M, num_replicas=100",False,False,True,500.0,best,1.0,0,,True,,,,1.0,,False,False,False,,50.0,1.0,False,,,bfloat16,,,False,False,,"{'base_learning_rate': 1e-06, 'data_seed': 0, 'dataloader_drop_last': True, 'dataloader_num_workers': 8, 'dataloader_prefetch_factor': 4, 'eval_on_start': True, 'eval_steps': 250, 'eval_strategy': 'steps', 'gradient_checkpointing': True, 'hub_strategy': 'end', 'logging_steps': 1, 'lr_scheduler_type': 'cosine', 'max_grad_norm': 1, 'max_length': 2048, 'max_steps': -1, 'num_train_epochs': 1, 'optim': 'adamw_torch', 'overtrain_multiplier': 1, 'per_device_eval_batch_size': 16, 'per_device_train_batch_size': 12, 'remove_unused_columns': True, 'report_to': 'wandb', 'save_strategy': 'best', 'save_total_limit': 1, 'torch_compile': False, 'warmup_steps': 250, 'weight_decay': 0}",4.54.1,1.0,False,True,False,False,False,False,False,False,151647.0,0.0,250.0,0.0,finished,gws5uy57,1i91ppg3
48522,5314.0,1756131921.691911,48522.0,0.04599614813923836,0.0012,27.3981,182.494,11.424,1.0,0.04599614813923836,0.0012,27.3981,182.494,11.424,2356203216.0,11.923933982849121,0.0012,32.8923,152.011,9.516,0.0,2.756662760606331e+17,1.0,5299.0,0.45191124081611633,8.074010520300944e-11,2.0325,2356203216.0,48993.988,2.2952106713033844,48091.6808,38.779,0.11,"{'dispatch_batches': None, 'even_batches': True, 'gradient_accumulation_kwargs': None, 'non_blocking': False, 'split_batches': False, 'use_seedable_sampler': True}",False,0.9,0.999,1e-08,False,,False,0.0,False,False,,False,,True,False,,0.0,,"{'benchmark': 'EleutherAI/minerva_math', 'corpus': 'fineweb-edu-dedup', 'num_benchmark_replicas_per_epoch': 316, 'shuffle_seed': 0}",0.0,True,8.0,False,True,4.0,,,,,1800.0,[],,,False,0.0,True,False,False,False,False,0.0,151643.0,,0.0,True,True,500.0,steps,False,,,,,False,auto,False,O1,[],"{'min_num_params': 0, 'xla': False, 'xla_fsdp_grad_ckpt': False, 'xla_fsdp_v2': False}",0.0,,False,22.0,True,,False,False,auto,128.0,silu,96.0,False,RylanSchaeffer/mem_Qwen3-34M_minerva_math_replicas_316_epch_1_ot_1_pt,True,,end,<HUB_TOKEN>,"{'0': 'LABEL_0', '1': 'LABEL_1'}",False,[],False,True,False,0.02,256.0,False,False,False,"{'LABEL_0': 0, 'LABEL_1': 1}",,0.0,"['full_attention', 'full_attention', 'full_attention']",0.0008341810355072812,length,1.0,,False,0.0,passive,warning,True,models/pt_language_model/mem_Qwen3-34M_minerva_math_replicas_316_epch_1_ot_1_pt/runs/Aug24_17-56-56_skampere1,False,True,1.0,steps,cosine,1.0,20.0,32768.0,-1.0,28.0,eval_loss,0.0,34057440.0,"{'model_name': 'Qwen3/Qwen3-34M', 'torch_dtype': 'bfloat16'}",qwen3,,,False,0.0,32.0,1.0,1.0,3.0,32.0,1.0,1.0,adamw_torch,,,False,models/pt_language_model/mem_Qwen3-34M_minerva_math_replicas_316_epch_1_ot_1_pt,False,False,False,151646.0,-1.0,16.0,16.0,,,False,,,False,,,<PUSH_TO_HUB_TOKEN>,last,False,True,1.0,['wandb'],False,,True,False,1e-06,,10000.0,"34M, num_replicas=316",False,False,True,500.0,best,1.0,0,,True,,,,1.0,,False,False,False,,50.0,1.0,False,,,bfloat16,,,False,False,,"{'base_learning_rate': 1e-06, 'data_seed': 0, 'dataloader_drop_last': True, 'dataloader_num_workers': 8, 'dataloader_prefetch_factor': 4, 'eval_on_start': True, 'eval_steps': 500, 'eval_strategy': 'steps', 'gradient_checkpointing': True, 'hub_strategy': 'end', 'logging_steps': 1, 'lr_scheduler_type': 'cosine', 'max_grad_norm': 1, 'max_length': 2048, 'max_steps': -1, 'num_train_epochs': 1, 'optim': 'adamw_torch', 'overtrain_multiplier': 1, 'per_device_eval_batch_size': 16, 'per_device_train_batch_size': 16, 'remove_unused_columns': True, 'report_to': 'wandb', 'save_strategy': 'best', 'save_total_limit': 1, 'torch_compile': False, 'warmup_steps': 250, 'weight_decay': 0}",4.54.1,1.0,False,True,False,False,False,False,False,False,151647.0,0.0,250.0,0.0,finished,6958x53a,fa297oz4
37534,2475.0,1756120972.5368583,37534.0,2.9982590675354004,0.0009,27.7032,180.485,11.298,1.0,2.9982590675354004,0.0009,27.7032,180.485,11.298,1690225680.0,11.923933982849121,0.0009,30.4811,164.036,10.269,0.0,1.9774958957005824e+17,1.0,2466.0,0.2215302288532257,4.191413245329279e-10,4.4124,1690225680.0,45572.57,5.298791871066994,37088.6637,23.404,0.066,"{'dispatch_batches': None, 'even_batches': True, 'gradient_accumulation_kwargs': None, 'non_blocking': False, 'split_batches': False, 'use_seedable_sampler': True}",False,0.9,0.999,1e-08,False,,False,0.0,False,False,,False,,True,False,,0.0,,"{'benchmark': 'EleutherAI/minerva_math', 'corpus': 'fineweb-edu-dedup', 'num_benchmark_replicas_per_epoch': 1, 'shuffle_seed': 0}",0.0,True,8.0,False,True,4.0,,,,,1800.0,[],,,False,0.0,True,False,False,False,False,0.0,151643.0,,0.0,True,True,500.0,steps,False,,,,,False,auto,False,O1,[],"{'min_num_params': 0, 'xla': False, 'xla_fsdp_grad_ckpt': False, 'xla_fsdp_v2': False}",0.0,,False,22.0,True,,False,False,auto,128.0,silu,96.0,False,RylanSchaeffer/mem_Qwen3-34M_minerva_math_replicas_1_epch_1_ot_1_pt,True,,end,<HUB_TOKEN>,"{'0': 'LABEL_0', '1': 'LABEL_1'}",False,[],False,True,False,0.02,256.0,False,False,False,"{'LABEL_0': 0, 'LABEL_1': 1}",,0.0,"['full_attention', 'full_attention', 'full_attention']",0.0008341810355072812,length,1.0,,False,0.0,passive,warning,True,models/pt_language_model/mem_Qwen3-34M_minerva_math_replicas_1_epch_1_ot_1_pt/runs/Aug24_17-57-39_skampere1,False,True,1.0,steps,cosine,1.0,20.0,32768.0,-1.0,28.0,eval_loss,0.0,34057440.0,"{'model_name': 'Qwen3/Qwen3-34M', 'torch_dtype': 'bfloat16'}",qwen3,,,False,0.0,32.0,1.0,1.0,3.0,32.0,1.0,1.0,adamw_torch,,,False,models/pt_language_model/mem_Qwen3-34M_minerva_math_replicas_1_epch_1_ot_1_pt,False,False,False,151646.0,-1.0,16.0,16.0,,,False,,,False,,,<PUSH_TO_HUB_TOKEN>,last,False,True,1.0,['wandb'],False,,True,False,1e-06,,10000.0,"34M, num_replicas=1",False,False,True,500.0,best,1.0,0,,True,,,,1.0,,False,False,False,,50.0,1.0,False,,,bfloat16,,,False,False,,"{'base_learning_rate': 1e-06, 'data_seed': 0, 'dataloader_drop_last': True, 'dataloader_num_workers': 8, 'dataloader_prefetch_factor': 4, 'eval_on_start': True, 'eval_steps': 500, 'eval_strategy': 'steps', 'gradient_checkpointing': True, 'hub_strategy': 'end', 'logging_steps': 1, 'lr_scheduler_type': 'cosine', 'max_grad_norm': 1, 'max_length': 2048, 'max_steps': -1, 'num_train_epochs': 1, 'optim': 'adamw_torch', 'overtrain_multiplier': 1, 'per_device_eval_batch_size': 16, 'per_device_train_batch_size': 16, 'remove_unused_columns': True, 'report_to': 'wandb', 'save_strategy': 'best', 'save_total_limit': 1, 'torch_compile': False, 'warmup_steps': 250, 'weight_decay': 0}",4.54.1,1.0,False,True,False,False,False,False,False,False,151647.0,0.0,250.0,0.0,finished,6958x53a,va88dwq2
36,,,36.0,,,,,,,,,,,,,,,,,,,,,,,,,,,,,,,,,,,,,,,,,,,,,,,,,,"{'benchmark': 'EleutherAI/minerva_math', 'corpus': 'fineweb-edu-dedup', 'num_benchmark_replicas_per_epoch': 1000, 'shuffle_seed': 0}",,,,,,,,,,,,,,,,,,,,,,,,,,,,,,,,,,,,,,,,,,,,,,,,,,,,,,,,,,,,,,,,,,,,,,,,,,,,,,,,,,,,,,,,,,,,,,,,,"{'model_name': 'Qwen3/Qwen3-34M', 'torch_dtype': 'bfloat16'}",,,,,,,,,,,,,,,,,models/pt_language_model/mem_Qwen3-34M_minerva_math_replicas_1000_epch_1_ot_1_pt,,,,,,,,,,,,,,,,,,,,,,,,,,,,,"34M, num_replicas=1000",,,,,,,0,,,,,,,,,,,,,,,,,,,,,,,"{'base_learning_rate': 1e-06, 'data_seed': 0, 'dataloader_drop_last': True, 'dataloader_num_workers': 8, 'dataloader_prefetch_factor': 4, 'eval_on_start': True, 'eval_steps': 500, 'eval_strategy': 'steps', 'gradient_checkpointing': True, 'hub_strategy': 'end', 'logging_steps': 1, 'lr_scheduler_type': 'cosine', 'max_grad_norm': 1, 'max_length': 2048, 'max_steps': -1, 'num_train_epochs': 1, 'optim': 'adamw_torch', 'overtrain_multiplier': 1, 'per_device_eval_batch_size': 16, 'per_device_train_batch_size': 16, 'remove_unused_columns': True, 'report_to': 'wandb', 'save_strategy': 'best', 'save_total_limit': 1, 'torch_compile': False, 'warmup_steps': 250, 'weight_decay': 0}",,,,,,,,,,,,,,,failed,6958x53a,fkvn2x9w
37549,2467.0,1756120964.5556536,37549.0,5.55318021774292,0.0008,27.7999,179.857,11.259,1.0,5.55318021774292,0.0008,27.7999,179.857,11.259,1685710416.0,11.923933982849121,0.0008,30.062,166.323,10.412,0.0,1.972213218876027e+17,1.0,2458.0,0.7665961980819702,4.22184082259157e-10,4.5387,1685710416.0,45440.748,5.302902470379947,37096.8904,23.315,0.066,"{'dispatch_batches': None, 'even_batches': True, 'gradient_accumulation_kwargs': None, 'non_blocking': False, 'split_batches': False, 'use_seedable_sampler': True}",False,0.9,0.999,1e-08,False,,False,0.0,False,False,,False,,True,False,,0.0,,"{'benchmark': 'EleutherAI/minerva_math', 'corpus': 'fineweb-edu-dedup', 'num_benchmark_replicas_per_epoch': 0, 'shuffle_seed': 0}",0.0,True,8.0,False,True,4.0,,,,,1800.0,[],,,False,0.0,True,False,False,False,False,0.0,151643.0,,0.0,True,True,500.0,steps,False,,,,,False,auto,False,O1,[],"{'min_num_params': 0, 'xla': False, 'xla_fsdp_grad_ckpt': False, 'xla_fsdp_v2': False}",0.0,,False,22.0,True,,False,False,auto,128.0,silu,96.0,False,RylanSchaeffer/mem_Qwen3-34M_minerva_math_replicas_0_epch_1_ot_1_pt,True,,end,<HUB_TOKEN>,"{'0': 'LABEL_0', '1': 'LABEL_1'}",False,[],False,True,False,0.02,256.0,False,False,False,"{'LABEL_0': 0, 'LABEL_1': 1}",,0.0,"['full_attention', 'full_attention', 'full_attention']",0.0008341810355072812,length,1.0,,False,0.0,passive,warning,True,models/pt_language_model/mem_Qwen3-34M_minerva_math_replicas_0_epch_1_ot_1_pt/runs/Aug24_17-57-12_skampere1,False,True,1.0,steps,cosine,1.0,20.0,32768.0,-1.0,28.0,eval_loss,0.0,34057440.0,"{'model_name': 'Qwen3/Qwen3-34M', 'torch_dtype': 'bfloat16'}",qwen3,,,False,0.0,32.0,1.0,1.0,3.0,32.0,1.0,1.0,adamw_torch,,,False,models/pt_language_model/mem_Qwen3-34M_minerva_math_replicas_0_epch_1_ot_1_pt,False,False,False,151646.0,-1.0,16.0,16.0,,,False,,,False,,,<PUSH_TO_HUB_TOKEN>,last,False,True,1.0,['wandb'],False,,True,False,1e-06,,10000.0,"34M, num_replicas=0",False,False,True,500.0,best,1.0,0,,True,,,,1.0,,False,False,False,,50.0,1.0,False,,,bfloat16,,,False,False,,"{'base_learning_rate': 1e-06, 'data_seed': 0, 'dataloader_drop_last': True, 'dataloader_num_workers': 8, 'dataloader_prefetch_factor': 4, 'eval_on_start': True, 'eval_steps': 500, 'eval_strategy': 'steps', 'gradient_checkpointing': True, 'hub_strategy': 'end', 'logging_steps': 1, 'lr_scheduler_type': 'cosine', 'max_grad_norm': 1, 'max_length': 2048, 'max_steps': -1, 'num_train_epochs': 1, 'optim': 'adamw_torch', 'overtrain_multiplier': 1, 'per_device_eval_batch_size': 16, 'per_device_train_batch_size': 16, 'remove_unused_columns': True, 'report_to': 'wandb', 'save_strategy': 'best', 'save_total_limit': 1, 'torch_compile': False, 'warmup_steps': 250, 'weight_decay': 0}",4.54.1,1.0,False,True,False,False,False,False,False,False,151647.0,0.0,250.0,0.0,finished,6958x53a,hifv8o6q
169590,5356.0,1756322601.5655227,169590.0,2.1309814453125,0.0009,39.9989,125.003,7.825,1.0,2.1309814453125,0.0009,39.9989,125.003,7.825,4438608024.0,11.985098838806152,0.0009,40.9498,122.101,7.644,0.0,1.573665367148071e+18,1.0,5330.0,0.36276063323020935,9.107451468448216e-11,3.6378,4438608024.0,26240.863,3.99644148940217,169148.7086,13.989,0.032,"{'dispatch_batches': None, 'even_batches': True, 'gradient_accumulation_kwargs': None, 'non_blocking': False, 'split_batches': False, 'use_seedable_sampler': True}",False,0.9,0.999,1e-08,False,,False,0.0,False,False,,False,,True,False,,0.0,,"{'benchmark': 'EleutherAI/minerva_math', 'corpus': 'fineweb-edu-dedup', 'num_benchmark_replicas_per_epoch': 1, 'shuffle_seed': 0}",0.0,True,8.0,False,True,4.0,,,,,1800.0,[],,,False,0.0,True,False,False,False,False,0.0,151643.0,,0.0,True,True,250.0,steps,False,,,,,False,auto,False,O1,[],"{'min_num_params': 0, 'xla': False, 'xla_fsdp_grad_ckpt': False, 'xla_fsdp_v2': False}",0.0,,False,37.0,True,,False,False,auto,128.0,silu,224.0,False,RylanSchaeffer/mem_Qwen3-93M_minerva_math_replicas_1_epch_1_ot_1_pt,True,,end,<HUB_TOKEN>,"{'0': 'LABEL_0', '1': 'LABEL_1'}",False,[],False,True,False,0.02,768.0,False,False,False,"{'LABEL_0': 0, 'LABEL_1': 1}",,0.0,"['full_attention', 'full_attention', 'full_attention', 'full_attention', 'full_attention', 'full_attention']",0.0009525429124191728,length,1.0,,False,0.0,passive,warning,True,models/pt_language_model/mem_Qwen3-93M_minerva_math_replicas_1_epch_1_ot_1_pt/runs/Aug25_13-17-17_skampere1,False,True,1.0,steps,cosine,1.0,20.0,32768.0,-1.0,28.0,eval_loss,0.0,93058976.0,"{'model_name': 'Qwen3/Qwen3-93M', 'torch_dtype': 'bfloat16'}",qwen3,,,False,0.0,32.0,1.0,1.0,6.0,32.0,1.0,1.0,adamw_torch,,,False,models/pt_language_model/mem_Qwen3-93M_minerva_math_replicas_1_epch_1_ot_1_pt,False,False,False,151646.0,-1.0,16.0,12.0,,,False,,,False,,,<PUSH_TO_HUB_TOKEN>,last,False,True,1.0,['wandb'],False,,True,False,1e-06,,10000.0,"93M, num_replicas=1",False,False,True,500.0,best,1.0,0,,True,,,,1.0,,False,False,False,,50.0,1.0,False,,,bfloat16,,,False,False,,"{'base_learning_rate': 1e-06, 'data_seed': 0, 'dataloader_drop_last': True, 'dataloader_num_workers': 8, 'dataloader_prefetch_factor': 4, 'eval_on_start': True, 'eval_steps': 250, 'eval_strategy': 'steps', 'gradient_checkpointing': True, 'hub_strategy': 'end', 'logging_steps': 1, 'lr_scheduler_type': 'cosine', 'max_grad_norm': 1, 'max_length': 2048, 'max_steps': -1, 'num_train_epochs': 1, 'optim': 'adamw_torch', 'overtrain_multiplier': 1, 'per_device_eval_batch_size': 16, 'per_device_train_batch_size': 12, 'remove_unused_columns': True, 'report_to': 'wandb', 'save_strategy': 'best', 'save_total_limit': 1, 'torch_compile': False, 'warmup_steps': 250, 'weight_decay': 0}",4.54.1,1.0,False,True,False,False,False,False,False,False,151647.0,0.0,250.0,0.0,finished,gws5uy57,ztwf9an3
38280,2557.0,1756121730.146816,38280.0,2.1795549392700195,0.0007,27.3449,182.849,11.446,1.0,2.1795549392700195,0.0007,27.3449,182.849,11.446,1733764368.0,11.92393398284912,0.0007,28.8642,173.225,10.844,0.0,2.0284344051806822e+17,1.0,2547.0,0.36072102189064026,3.9010184849486334e-10,4.4133,1733764368.0,45828.263,5.238696445050219,37831.7726,23.692,0.067,"{'dispatch_batches': None, 'even_batches': True, 'gradient_accumulation_kwargs': None, 'non_blocking': False, 'split_batches': False, 'use_seedable_sampler': True}",False,0.9,0.999,1e-08,False,,False,0.0,False,False,,False,,True,False,,0.0,,"{'benchmark': 'EleutherAI/minerva_math', 'corpus': 'fineweb-edu-dedup', 'num_benchmark_replicas_per_epoch': 10, 'shuffle_seed': 0}",0.0,True,8.0,False,True,4.0,,,,,1800.0,[],,,False,0.0,True,False,False,False,False,0.0,151643.0,,0.0,True,True,500.0,steps,False,,,,,False,auto,False,O1,[],"{'min_num_params': 0, 'xla': False, 'xla_fsdp_grad_ckpt': False, 'xla_fsdp_v2': False}",0.0,,False,22.0,True,,False,False,auto,128.0,silu,96.0,False,RylanSchaeffer/mem_Qwen3-34M_minerva_math_replicas_10_epch_1_ot_1_pt,True,,end,<HUB_TOKEN>,"{'0': 'LABEL_0', '1': 'LABEL_1'}",False,[],False,True,False,0.02,256.0,False,False,False,"{'LABEL_0': 0, 'LABEL_1': 1}",,0.0,"['full_attention', 'full_attention', 'full_attention']",0.0008341810355072812,length,1.0,,False,0.0,passive,warning,True,models/pt_language_model/mem_Qwen3-34M_minerva_math_replicas_10_epch_1_ot_1_pt/runs/Aug24_17-57-47_skampere1,False,True,1.0,steps,cosine,1.0,20.0,32768.0,-1.0,28.0,eval_loss,0.0,34057440.0,"{'model_name': 'Qwen3/Qwen3-34M', 'torch_dtype': 'bfloat16'}",qwen3,,,False,0.0,32.0,1.0,1.0,3.0,32.0,1.0,1.0,adamw_torch,,,False,models/pt_language_model/mem_Qwen3-34M_minerva_math_replicas_10_epch_1_ot_1_pt,False,False,False,151646.0,-1.0,16.0,16.0,,,False,,,False,,,<PUSH_TO_HUB_TOKEN>,last,False,True,1.0,['wandb'],False,,True,False,1e-06,,10000.0,"34M, num_replicas=10",False,False,True,500.0,best,1.0,0,,True,,,,1.0,,False,False,False,,50.0,1.0,False,,,bfloat16,,,False,False,,"{'base_learning_rate': 1e-06, 'data_seed': 0, 'dataloader_drop_last': True, 'dataloader_num_workers': 8, 'dataloader_prefetch_factor': 4, 'eval_on_start': True, 'eval_steps': 500, 'eval_strategy': 'steps', 'gradient_checkpointing': True, 'hub_strategy': 'end', 'logging_steps': 1, 'lr_scheduler_type': 'cosine', 'max_grad_norm': 1, 'max_length': 2048, 'max_steps': -1, 'num_train_epochs': 1, 'optim': 'adamw_torch', 'overtrain_multiplier': 1, 'per_device_eval_batch_size': 16, 'per_device_train_batch_size': 16, 'remove_unused_columns': True, 'report_to': 'wandb', 'save_strategy': 'best', 'save_total_limit': 1, 'torch_compile': False, 'warmup_steps': 250, 'weight_decay': 0}",4.54.1,1.0,False,True,False,False,False,False,False,False,151647.0,0.0,250.0,0.0,finished,6958x53a,rw6a1gvx
205899,7607.0,1756344764.699491,205899.0,0.0374663844704628,0.0011,39.6411,126.132,7.896,1.0,0.0374663844704628,0.0011,39.6411,126.132,7.896,5505551172.0,11.985098838806152,0.0011,41.0968,121.664,7.616,0.0,1.9519396981196175e+18,1.0,7572.0,0.1725275069475174,4.383942488905749e-11,2.7143,5505551172.0,26805.126,3.124507453160757,205391.7314,16.368,0.037,"{'dispatch_batches': None, 'even_batches': True, 'gradient_accumulation_kwargs': None, 'non_blocking': False, 'split_batches': False, 'use_seedable_sampler': True}",False,0.9,0.999,1e-08,False,,False,0.0,False,False,,False,,True,False,,0.0,,"{'benchmark': 'EleutherAI/minerva_math', 'corpus': 'fineweb-edu-dedup', 'num_benchmark_replicas_per_epoch': 316, 'shuffle_seed': 0}",0.0,True,8.0,False,True,4.0,,,,,1800.0,[],,,False,0.0,True,False,False,False,False,0.0,151643.0,,0.0,True,True,250.0,steps,False,,,,,False,auto,False,O1,[],"{'min_num_params': 0, 'xla': False, 'xla_fsdp_grad_ckpt': False, 'xla_fsdp_v2': False}",0.0,,False,37.0,True,,False,False,auto,128.0,silu,224.0,False,RylanSchaeffer/mem_Qwen3-93M_minerva_math_replicas_316_epch_1_ot_1_pt,True,,end,<HUB_TOKEN>,"{'0': 'LABEL_0', '1': 'LABEL_1'}",False,[],False,True,False,0.02,768.0,False,False,False,"{'LABEL_0': 0, 'LABEL_1': 1}",,0.0,"['full_attention', 'full_attention', 'full_attention', 'full_attention', 'full_attention', 'full_attention']",0.0009525429124191728,length,1.0,,False,0.0,passive,warning,True,models/pt_language_model/mem_Qwen3-93M_minerva_math_replicas_316_epch_1_ot_1_pt/runs/Aug25_09-21-32_skampere1,False,True,1.0,steps,cosine,1.0,20.0,32768.0,-1.0,28.0,eval_loss,0.0,93058976.0,"{'model_name': 'Qwen3/Qwen3-93M', 'torch_dtype': 'bfloat16'}",qwen3,,,False,0.0,32.0,1.0,1.0,6.0,32.0,1.0,1.0,adamw_torch,,,False,models/pt_language_model/mem_Qwen3-93M_minerva_math_replicas_316_epch_1_ot_1_pt,False,False,False,151646.0,-1.0,16.0,12.0,,,False,,,False,,,<PUSH_TO_HUB_TOKEN>,last,False,True,1.0,['wandb'],False,,True,False,1e-06,,10000.0,"93M, num_replicas=316",False,False,True,500.0,best,1.0,0,,True,,,,1.0,,False,False,False,,50.0,1.0,False,,,bfloat16,,,False,False,,"{'base_learning_rate': 1e-06, 'data_seed': 0, 'dataloader_drop_last': True, 'dataloader_num_workers': 8, 'dataloader_prefetch_factor': 4, 'eval_on_start': True, 'eval_steps': 250, 'eval_strategy': 'steps', 'gradient_checkpointing': True, 'hub_strategy': 'end', 'logging_steps': 1, 'lr_scheduler_type': 'cosine', 'max_grad_norm': 1, 'max_length': 2048, 'max_steps': -1, 'num_train_epochs': 1, 'optim': 'adamw_torch', 'overtrain_multiplier': 1, 'per_device_eval_batch_size': 16, 'per_device_train_batch_size': 12, 'remove_unused_columns': True, 'report_to': 'wandb', 'save_strategy': 'best', 'save_total_limit': 1, 'torch_compile': False, 'warmup_steps': 250, 'weight_decay': 0}",4.54.1,1.0,False,True,False,False,False,False,False,False,151647.0,0.0,250.0,0.0,finished,gws5uy57,fwzan8wn
40574,2754.0,1756161556.320045,,1.6590399742126465,0.0006,27.3858,182.576,11.429,1.0,1.6590399742126465,0.0006,27.3858,182.576,11.429,1839610528.0,11.92393398284912,0.0006,28.7841,173.707,10.874,0.0,,1.0,2744.0,0.25011035799980164,3.3090788101046364e-10,4.1582,1839610528.0,45666.717,,,,,"{'dispatch_batches': None, 'even_batches': True, 'gradient_accumulation_kwargs': None, 'non_blocking': False, 'split_batches': False, 'use_seedable_sampler': True}",False,0.9,0.999,1e-08,False,,False,0.0,False,False,,False,,True,False,,0.0,,"{'benchmark': 'EleutherAI/minerva_math', 'corpus': 'fineweb-edu-dedup', 'num_benchmark_replicas_per_epoch': 32, 'shuffle_seed': 0}",0.0,True,8.0,False,True,4.0,,,,,1800.0,[],,,False,0.0,True,False,False,False,False,0.0,151643.0,,0.0,True,True,500.0,steps,False,,,,,False,auto,False,O1,[],"{'min_num_params': 0, 'xla': False, 'xla_fsdp_grad_ckpt': False, 'xla_fsdp_v2': False}",0.0,,False,22.0,True,,False,False,auto,128.0,silu,96.0,False,RylanSchaeffer/mem_Qwen3-34M_minerva_math_replicas_32_epch_1_ot_1_pt,True,,end,<HUB_TOKEN>,"{'0': 'LABEL_0', '1': 'LABEL_1'}",False,[],False,True,False,0.02,256.0,False,False,False,"{'LABEL_0': 0, 'LABEL_1': 1}",,0.0,"['full_attention', 'full_attention', 'full_attention']",0.0008341810355072812,length,1.0,,False,0.0,passive,warning,True,models/pt_language_model/mem_Qwen3-34M_minerva_math_replicas_32_epch_1_ot_1_pt/runs/Aug25_04-23-18_skampere1,False,True,1.0,steps,cosine,1.0,20.0,32768.0,-1.0,28.0,eval_loss,0.0,34057440.0,"{'model_name': 'Qwen3/Qwen3-34M', 'torch_dtype': 'bfloat16'}",qwen3,,,False,0.0,32.0,1.0,1.0,3.0,32.0,1.0,1.0,adamw_torch,,,False,models/pt_language_model/mem_Qwen3-34M_minerva_math_replicas_32_epch_1_ot_1_pt,False,False,False,151646.0,-1.0,16.0,16.0,,,False,,,False,,,<PUSH_TO_HUB_TOKEN>,last,False,True,1.0,['wandb'],False,,True,False,1e-06,,10000.0,"34M, num_replicas=32",False,False,True,500.0,best,1.0,0,,True,,,,1.0,,False,False,False,,50.0,1.0,False,,,bfloat16,,,False,False,,"{'base_learning_rate': 1e-06, 'data_seed': 0, 'dataloader_drop_last': True, 'dataloader_num_workers': 8, 'dataloader_prefetch_factor': 4, 'eval_on_start': True, 'eval_steps': 500, 'eval_strategy': 'steps', 'gradient_checkpointing': True, 'hub_strategy': 'end', 'logging_steps': 1, 'lr_scheduler_type': 'cosine', 'max_grad_norm': 1, 'max_length': 2048, 'max_steps': -1, 'num_train_epochs': 1, 'optim': 'adamw_torch', 'overtrain_multiplier': 1, 'per_device_eval_batch_size': 16, 'per_device_train_batch_size': 16, 'remove_unused_columns': True, 'report_to': 'wandb', 'save_strategy': 'best', 'save_total_limit': 1, 'torch_compile': False, 'warmup_steps': 250, 'weight_decay': 0}",4.54.1,1.0,False,True,False,False,False,False,False,False,151647.0,0.0,250.0,0.0,finished,6958x53a,brlnapqa
45875,3366.0,1756129283.68259,45875.0,0.41004428267478943,0.0008,27.5305,181.617,11.369,1.0,0.41004428267478943,0.0008,27.5305,181.617,11.369,2107396112.0,11.923933982849121,0.0008,30.3346,164.828,10.318,0.0,2.465568480828764e+17,1.0,3355.0,0.2582903802394867,2.1348964754051046e-10,3.5958,2107396112.0,46402.434,4.445343625527736,45415.6383,26.003,0.074,"{'dispatch_batches': None, 'even_batches': True, 'gradient_accumulation_kwargs': None, 'non_blocking': False, 'split_batches': False, 'use_seedable_sampler': True}",False,0.9,0.999,1e-08,False,,False,0.0,False,False,,False,,True,False,,0.0,,"{'benchmark': 'EleutherAI/minerva_math', 'corpus': 'fineweb-edu-dedup', 'num_benchmark_replicas_per_epoch': 100, 'shuffle_seed': 0}",0.0,True,8.0,False,True,4.0,,,,,1800.0,[],,,False,0.0,True,False,False,False,False,0.0,151643.0,,0.0,True,True,500.0,steps,False,,,,,False,auto,False,O1,[],"{'min_num_params': 0, 'xla': False, 'xla_fsdp_grad_ckpt': False, 'xla_fsdp_v2': False}",0.0,,False,22.0,True,,False,False,auto,128.0,silu,96.0,False,RylanSchaeffer/mem_Qwen3-34M_minerva_math_replicas_100_epch_1_ot_1_pt,True,,end,<HUB_TOKEN>,"{'0': 'LABEL_0', '1': 'LABEL_1'}",False,[],False,True,False,0.02,256.0,False,False,False,"{'LABEL_0': 0, 'LABEL_1': 1}",,0.0,"['full_attention', 'full_attention', 'full_attention']",0.0008341810355072812,length,1.0,,False,0.0,passive,warning,True,models/pt_language_model/mem_Qwen3-34M_minerva_math_replicas_100_epch_1_ot_1_pt/runs/Aug24_17-57-07_skampere1,False,True,1.0,steps,cosine,1.0,20.0,32768.0,-1.0,28.0,eval_loss,0.0,34057440.0,"{'model_name': 'Qwen3/Qwen3-34M', 'torch_dtype': 'bfloat16'}",qwen3,,,False,0.0,32.0,1.0,1.0,3.0,32.0,1.0,1.0,adamw_torch,,,False,models/pt_language_model/mem_Qwen3-34M_minerva_math_replicas_100_epch_1_ot_1_pt,False,False,False,151646.0,-1.0,16.0,16.0,,,False,,,False,,,<PUSH_TO_HUB_TOKEN>,last,False,True,1.0,['wandb'],False,,True,False,1e-06,,10000.0,"34M, num_replicas=100",False,False,True,500.0,best,1.0,0,,True,,,,1.0,,False,False,False,,50.0,1.0,False,,,bfloat16,,,False,False,,"{'base_learning_rate': 1e-06, 'data_seed': 0, 'dataloader_drop_last': True, 'dataloader_num_workers': 8, 'dataloader_prefetch_factor': 4, 'eval_on_start': True, 'eval_steps': 500, 'eval_strategy': 'steps', 'gradient_checkpointing': True, 'hub_strategy': 'end', 'logging_steps': 1, 'lr_scheduler_type': 'cosine', 'max_grad_norm': 1, 'max_length': 2048, 'max_steps': -1, 'num_train_epochs': 1, 'optim': 'adamw_torch', 'overtrain_multiplier': 1, 'per_device_eval_batch_size': 16, 'per_device_train_batch_size': 16, 'remove_unused_columns': True, 'report_to': 'wandb', 'save_strategy': 'best', 'save_total_limit': 1, 'torch_compile': False, 'warmup_steps': 250, 'weight_decay': 0}",4.54.1,1.0,False,True,False,False,False,False,False,False,151647.0,0.0,250.0,0.0,finished,6958x53a,ei980omv
169445,5348.0,1756308304.335074,169445.0,4.20626163482666,0.001,39.5408,126.452,7.916,1.0,4.20626163482666,0.001,39.5408,126.452,7.916,4436277708.0,11.985098838806152,0.001,40.9981,121.957,7.634,0.0,1.5728391762423e+18,1.0,5322.0,0.14697317779064178,9.136204255501264e-11,3.4914,4436277708.0,26261.663,3.9899036353443496,168926.0046,13.988,0.032,"{'dispatch_batches': None, 'even_batches': True, 'gradient_accumulation_kwargs': None, 'non_blocking': False, 'split_batches': False, 'use_seedable_sampler': True}",False,0.9,0.999,1e-08,False,,False,0.0,False,False,,False,,True,False,,0.0,,"{'benchmark': 'EleutherAI/minerva_math', 'corpus': 'fineweb-edu-dedup', 'num_benchmark_replicas_per_epoch': 0, 'shuffle_seed': 0}",0.0,True,8.0,False,True,4.0,,,,,1800.0,[],,,False,0.0,True,False,False,False,False,0.0,151643.0,,0.0,True,True,250.0,steps,False,,,,,False,auto,False,O1,[],"{'min_num_params': 0, 'xla': False, 'xla_fsdp_grad_ckpt': False, 'xla_fsdp_v2': False}",0.0,,False,37.0,True,,False,False,auto,128.0,silu,224.0,False,RylanSchaeffer/mem_Qwen3-93M_minerva_math_replicas_0_epch_1_ot_1_pt,True,,end,<HUB_TOKEN>,"{'0': 'LABEL_0', '1': 'LABEL_1'}",False,[],False,True,False,0.02,768.0,False,False,False,"{'LABEL_0': 0, 'LABEL_1': 1}",,0.0,"['full_attention', 'full_attention', 'full_attention', 'full_attention', 'full_attention', 'full_attention']",0.0009525429124191728,length,1.0,,False,0.0,passive,warning,True,models/pt_language_model/mem_Qwen3-93M_minerva_math_replicas_0_epch_1_ot_1_pt/runs/Aug25_09-21-23_skampere1,False,True,1.0,steps,cosine,1.0,20.0,32768.0,-1.0,28.0,eval_loss,0.0,93058976.0,"{'model_name': 'Qwen3/Qwen3-93M', 'torch_dtype': 'bfloat16'}",qwen3,,,False,0.0,32.0,1.0,1.0,6.0,32.0,1.0,1.0,adamw_torch,,,False,models/pt_language_model/mem_Qwen3-93M_minerva_math_replicas_0_epch_1_ot_1_pt,False,False,False,151646.0,-1.0,16.0,12.0,,,False,,,False,,,<PUSH_TO_HUB_TOKEN>,last,False,True,1.0,['wandb'],False,,True,False,1e-06,,10000.0,"93M, num_replicas=0",False,False,True,500.0,best,1.0,0,,True,,,,1.0,,False,False,False,,50.0,1.0,False,,,bfloat16,,,False,False,,"{'base_learning_rate': 1e-06, 'data_seed': 0, 'dataloader_drop_last': True, 'dataloader_num_workers': 8, 'dataloader_prefetch_factor': 4, 'eval_on_start': True, 'eval_steps': 250, 'eval_strategy': 'steps', 'gradient_checkpointing': True, 'hub_strategy': 'end', 'logging_steps': 1, 'lr_scheduler_type': 'cosine', 'max_grad_norm': 1, 'max_length': 2048, 'max_steps': -1, 'num_train_epochs': 1, 'optim': 'adamw_torch', 'overtrain_multiplier': 1, 'per_device_eval_batch_size': 16, 'per_device_train_batch_size': 12, 'remove_unused_columns': True, 'report_to': 'wandb', 'save_strategy': 'best', 'save_total_limit': 1, 'torch_compile': False, 'warmup_steps': 250, 'weight_decay': 0}",4.54.1,1.0,False,True,False,False,False,False,False,False,151647.0,0.0,250.0,0.0,finished,gws5uy57,giorsvhy
194981,12502.0,1756517598.5337257,194981.0,0.03405582159757614,0.001,39.9671,125.103,7.831,1.0,0.03405582159757614,0.001,39.9671,125.103,7.831,5626691376.0,11.985098838806152,0.001,41.1618,121.472,7.604,0.0,1.9948887809341563e+18,1.0,12448.0,0.07213295996189117,1.5795997041515154e-11,0.9446,5626691376.0,28912.368,1.095411799754708,194611.9201,28.399,0.064,"{'dispatch_batches': None, 'even_batches': True, 'gradient_accumulation_kwargs': None, 'non_blocking': False, 'split_batches': False, 'use_seedable_sampler': True}",False,0.9,0.999,1e-08,False,,False,0.0,False,False,,False,,True,False,,0.0,,"{'benchmark': 'EleutherAI/minerva_math', 'corpus': 'fineweb-edu-dedup', 'num_benchmark_replicas_per_epoch': 1000, 'shuffle_seed': 0}",0.0,True,8.0,False,True,4.0,,,,,1800.0,[],,,False,0.0,True,False,False,False,False,0.0,151643.0,,0.0,True,True,250.0,steps,False,,,,,False,auto,False,O1,[],"{'min_num_params': 0, 'xla': False, 'xla_fsdp_grad_ckpt': False, 'xla_fsdp_v2': False}",0.0,,False,37.0,True,,False,False,auto,128.0,silu,224.0,False,RylanSchaeffer/mem_Qwen3-93M_minerva_math_replicas_1000_epch_1_ot_1_pt,True,,end,<HUB_TOKEN>,"{'0': 'LABEL_0', '1': 'LABEL_1'}",False,[],False,True,False,0.02,768.0,False,False,False,"{'LABEL_0': 0, 'LABEL_1': 1}",,0.0,"['full_attention', 'full_attention', 'full_attention', 'full_attention', 'full_attention', 'full_attention']",0.0009525429124191728,length,1.0,,False,0.0,passive,warning,True,models/pt_language_model/mem_Qwen3-93M_minerva_math_replicas_1000_epch_1_ot_1_pt/runs/Aug27_12-24-02_skampere1,False,True,1.0,steps,cosine,1.0,20.0,32768.0,-1.0,28.0,eval_loss,0.0,93058976.0,"{'model_name': 'Qwen3/Qwen3-93M', 'torch_dtype': 'bfloat16'}",qwen3,,,False,0.0,32.0,1.0,1.0,6.0,32.0,1.0,1.0,adamw_torch,,,False,models/pt_language_model/mem_Qwen3-93M_minerva_math_replicas_1000_epch_1_ot_1_pt,False,False,False,151646.0,-1.0,16.0,12.0,,,False,,,False,,,<PUSH_TO_HUB_TOKEN>,last,False,True,1.0,['wandb'],False,,True,False,1e-06,,10000.0,"93M, num_replicas=1000",False,False,True,500.0,best,1.0,0,,True,,,,1.0,,False,False,False,,50.0,1.0,False,,,bfloat16,,,False,False,,"{'base_learning_rate': 1e-06, 'data_seed': 0, 'dataloader_drop_last': True, 'dataloader_num_workers': 8, 'dataloader_prefetch_factor': 4, 'eval_on_start': True, 'eval_steps': 250, 'eval_strategy': 'steps', 'gradient_checkpointing': True, 'hub_strategy': 'end', 'logging_steps': 1, 'lr_scheduler_type': 'cosine', 'max_grad_norm': 1, 'max_length': 2048, 'max_steps': -1, 'num_train_epochs': 1, 'optim': 'adamw_torch', 'overtrain_multiplier': 1, 'per_device_eval_batch_size': 16, 'per_device_train_batch_size': 12, 'remove_unused_columns': True, 'report_to': 'wandb', 'save_strategy': 'best', 'save_total_limit': 1, 'torch_compile': False, 'warmup_steps': 250, 'weight_decay': 0}",4.54.1,1.0,False,True,False,False,False,False,False,False,151647.0,0.0,250.0,0.0,finished,gws5uy57,nc682y3g
171311,5370.0,1756508155.1799743,171311.0,1.8548407554626465,0.001,39.982,125.056,7.829,1.0,1.8548407554626465,0.001,39.982,125.056,7.829,4450173876.0,11.985098838806152,0.001,41.0488,121.806,7.625,0.0,1.5777659276471163e+18,1.0,5344.0,0.2205728143453598,9.057459670462644e-11,3.4425,4450173876.0,26036.019,3.998616709279086,170923.7485,13.88,0.031,"{'dispatch_batches': None, 'even_batches': True, 'gradient_accumulation_kwargs': None, 'non_blocking': False, 'split_batches': False, 'use_seedable_sampler': True}",False,0.9,0.999,1e-08,False,,False,0.0,False,False,,False,,True,False,,0.0,,"{'benchmark': 'EleutherAI/minerva_math', 'corpus': 'fineweb-edu-dedup', 'num_benchmark_replicas_per_epoch': 3, 'shuffle_seed': 0}",0.0,True,8.0,False,True,4.0,,,,,1800.0,[],,,False,0.0,True,False,False,False,False,0.0,151643.0,,0.0,True,True,250.0,steps,False,,,,,False,auto,False,O1,[],"{'min_num_params': 0, 'xla': False, 'xla_fsdp_grad_ckpt': False, 'xla_fsdp_v2': False}",0.0,,False,37.0,True,,False,False,auto,128.0,silu,224.0,False,RylanSchaeffer/mem_Qwen3-93M_minerva_math_replicas_3_epch_1_ot_1_pt,True,,end,<HUB_TOKEN>,"{'0': 'LABEL_0', '1': 'LABEL_1'}",False,[],False,True,False,0.02,768.0,False,False,False,"{'LABEL_0': 0, 'LABEL_1': 1}",,0.0,"['full_attention', 'full_attention', 'full_attention', 'full_attention', 'full_attention', 'full_attention']",0.0009525429124191728,length,1.0,,False,0.0,passive,warning,True,models/pt_language_model/mem_Qwen3-93M_minerva_math_replicas_3_epch_1_ot_1_pt/runs/Aug27_16-21-10_skampere1,False,True,1.0,steps,cosine,1.0,20.0,32768.0,-1.0,28.0,eval_loss,0.0,93058976.0,"{'model_name': 'Qwen3/Qwen3-93M', 'torch_dtype': 'bfloat16'}",qwen3,,,False,0.0,32.0,1.0,1.0,6.0,32.0,1.0,1.0,adamw_torch,,,False,models/pt_language_model/mem_Qwen3-93M_minerva_math_replicas_3_epch_1_ot_1_pt,False,False,False,151646.0,-1.0,16.0,12.0,,,False,,,False,,,<PUSH_TO_HUB_TOKEN>,last,False,True,1.0,['wandb'],False,,True,False,1e-06,,10000.0,"93M, num_replicas=3",False,False,True,500.0,best,1.0,0,,True,,,,1.0,,False,False,False,,50.0,1.0,False,,,bfloat16,,,False,False,,"{'base_learning_rate': 1e-06, 'data_seed': 0, 'dataloader_drop_last': True, 'dataloader_num_workers': 8, 'dataloader_prefetch_factor': 4, 'eval_on_start': True, 'eval_steps': 250, 'eval_strategy': 'steps', 'gradient_checkpointing': True, 'hub_strategy': 'end', 'logging_steps': 1, 'lr_scheduler_type': 'cosine', 'max_grad_norm': 1, 'max_length': 2048, 'max_steps': -1, 'num_train_epochs': 1, 'optim': 'adamw_torch', 'overtrain_multiplier': 1, 'per_device_eval_batch_size': 16, 'per_device_train_batch_size': 12, 'remove_unused_columns': True, 'report_to': 'wandb', 'save_strategy': 'best', 'save_total_limit': 1, 'torch_compile': False, 'warmup_steps': 250, 'weight_decay': 0}",4.54.1,1.0,False,True,False,False,False,False,False,False,151647.0,0.0,250.0,0.0,finished,gws5uy57,jxx7xzn4
177799,5419.0,1756346461.4996798,177799.0,1.5184521675109863,0.001,40.002,124.994,7.825,1.0,1.5184521675109863,0.001,40.002,124.994,7.825,4477314348.0,11.985098838806152,0.001,40.9591,122.073,7.642,0.0,1.5873883184064522e+18,1.0,5393.0,0.15041311085224152,8.885691719989988e-11,3.4752,4477314348.0,25250.856,3.9837685395719475,177313.3719,13.504,0.03,"{'dispatch_batches': None, 'even_batches': True, 'gradient_accumulation_kwargs': None, 'non_blocking': False, 'split_batches': False, 'use_seedable_sampler': True}",False,0.9,0.999,1e-08,False,,False,0.0,False,False,,False,,True,False,,0.0,,"{'benchmark': 'EleutherAI/minerva_math', 'corpus': 'fineweb-edu-dedup', 'num_benchmark_replicas_per_epoch': 10, 'shuffle_seed': 0}",0.0,True,8.0,False,True,4.0,,,,,1800.0,[],,,False,0.0,True,False,False,False,False,0.0,151643.0,,0.0,True,True,250.0,steps,False,,,,,False,auto,False,O1,[],"{'min_num_params': 0, 'xla': False, 'xla_fsdp_grad_ckpt': False, 'xla_fsdp_v2': False}",0.0,,False,37.0,True,,False,False,auto,128.0,silu,224.0,False,RylanSchaeffer/mem_Qwen3-93M_minerva_math_replicas_10_epch_1_ot_1_pt,True,,end,<HUB_TOKEN>,"{'0': 'LABEL_0', '1': 'LABEL_1'}",False,[],False,True,False,0.02,768.0,False,False,False,"{'LABEL_0': 0, 'LABEL_1': 1}",,0.0,"['full_attention', 'full_attention', 'full_attention', 'full_attention', 'full_attention', 'full_attention']",0.0009525429124191728,length,1.0,,False,0.0,passive,warning,True,models/pt_language_model/mem_Qwen3-93M_minerva_math_replicas_10_epch_1_ot_1_pt/runs/Aug25_17-38-06_skampere1,False,True,1.0,steps,cosine,1.0,20.0,32768.0,-1.0,28.0,eval_loss,0.0,93058976.0,"{'model_name': 'Qwen3/Qwen3-93M', 'torch_dtype': 'bfloat16'}",qwen3,,,False,0.0,32.0,1.0,1.0,6.0,32.0,1.0,1.0,adamw_torch,,,False,models/pt_language_model/mem_Qwen3-93M_minerva_math_replicas_10_epch_1_ot_1_pt,False,False,False,151646.0,-1.0,16.0,12.0,,,False,,,False,,,<PUSH_TO_HUB_TOKEN>,last,False,True,1.0,['wandb'],False,,True,False,1e-06,,10000.0,"93M, num_replicas=10",False,False,True,500.0,best,1.0,0,,True,,,,1.0,,False,False,False,,50.0,1.0,False,,,bfloat16,,,False,False,,"{'base_learning_rate': 1e-06, 'data_seed': 0, 'dataloader_drop_last': True, 'dataloader_num_workers': 8, 'dataloader_prefetch_factor': 4, 'eval_on_start': True, 'eval_steps': 250, 'eval_strategy': 'steps', 'gradient_checkpointing': True, 'hub_strategy': 'end', 'logging_steps': 1, 'lr_scheduler_type': 'cosine', 'max_grad_norm': 1, 'max_length': 2048, 'max_steps': -1, 'num_train_epochs': 1, 'optim': 'adamw_torch', 'overtrain_multiplier': 1, 'per_device_eval_batch_size': 16, 'per_device_train_batch_size': 12, 'remove_unused_columns': True, 'report_to': 'wandb', 'save_strategy': 'best', 'save_total_limit': 1, 'torch_compile': False, 'warmup_steps': 250, 'weight_decay': 0}",4.54.1,1.0,False,True,False,False,False,False,False,False,151647.0,0.0,250.0,0.0,finished,gws5uy57,kphqt5j0
