_runtime,_wandb.runtime,data_config,model_config,output_dir,seed,trainer_config,State,Sweep,run_id,run_name,_step,_timestamp,eval/loss,eval/model_preparation_time,eval/runtime,eval/samples_per_second,eval/steps_per_second,eval_after/epoch,eval_after/eval_loss,eval_after/eval_model_preparation_time,eval_after/eval_runtime,eval_after/eval_samples_per_second,eval_after/eval_steps_per_second,eval_after/num_input_tokens_seen,eval_before/eval_loss,eval_before/eval_model_preparation_time,eval_before/eval_runtime,eval_before/eval_samples_per_second,eval_before/eval_steps_per_second,eval_before/num_input_tokens_seen,total_flos,train/epoch,train/global_step,train/grad_norm,train/learning_rate,train/loss,train/num_input_tokens_seen,train/train_tokens_per_second,train_loss,train_runtime,train_samples_per_second,train_steps_per_second,accelerator_config,adafactor,adam_beta1,adam_beta2,adam_epsilon,add_cross_attention,architectures,attention_bias,attention_dropout,auto_find_batch_size,average_tokens_across_devices,bad_words_ids,batch_eval_metrics,begin_suppress_tokens,bf16,bf16_full_eval,bos_token_id,chunk_size_feed_forward,cross_attention_hidden_size,data_seed,dataloader_drop_last,dataloader_num_workers,dataloader_persistent_workers,dataloader_pin_memory,dataloader_prefetch_factor,ddp_backend,ddp_broadcast_buffers,ddp_bucket_cap_mb,ddp_find_unused_parameters,ddp_timeout,debug,decoder_start_token_id,deepspeed,disable_tqdm,diversity_penalty,do_eval,do_predict,do_sample,do_train,early_stopping,encoder_no_repeat_ngram_size,eos_token_id,eval_accumulation_steps,eval_delay,eval_do_concat_batches,eval_on_start,eval_steps,eval_strategy,eval_use_gather_object,exponential_decay_length_penalty,finetuning_task,forced_bos_token_id,forced_eos_token_id,fp16,fp16_backend,fp16_full_eval,fp16_opt_level,fsdp,fsdp_config,fsdp_min_num_params,fsdp_transformer_layer_cls_to_wrap,full_determinism,gradient_accumulation_steps,gradient_checkpointing,gradient_checkpointing_kwargs,greater_is_better,group_by_length,half_precision_backend,head_dim,hidden_act,hidden_size,hub_always_push,hub_model_id,hub_private_repo,hub_revision,hub_strategy,hub_token,id2label,ignore_data_skip,include_for_metrics,include_inputs_for_metrics,include_num_input_tokens_seen,include_tokens_per_second,initializer_range,intermediate_size,is_decoder,is_encoder_decoder,jit_mode_eval,label2id,label_names,label_smoothing_factor,layer_types,learning_rate,length_column_name,length_penalty,liger_kernel_config,load_best_model_at_end,local_rank,log_level,log_level_replica,log_on_each_node,logging_dir,logging_first_step,logging_nan_inf_filter,logging_steps,logging_strategy,lr_scheduler_type,max_grad_norm,max_length,max_position_embeddings,max_steps,max_window_layers,metric_for_best_model,min_length,model/num_parameters,model_type,mp_parameters,neftune_noise_alpha,no_cuda,no_repeat_ngram_size,num_attention_heads,num_beam_groups,num_beams,num_hidden_layers,num_key_value_heads,num_return_sequences,num_train_epochs,optim,optim_args,optim_target_modules,output_attentions,output_hidden_states,output_scores,overwrite_output_dir,pad_token_id,past_index,per_device_eval_batch_size,per_device_train_batch_size,per_gpu_eval_batch_size,per_gpu_train_batch_size,prediction_loss_only,prefix,problem_type,push_to_hub,push_to_hub_model_id,push_to_hub_organization,push_to_hub_token,ray_scope,remove_invalid_values,remove_unused_columns,repetition_penalty,report_to,restore_callback_states_from_checkpoint,resume_from_checkpoint,return_dict,return_dict_in_generate,rms_norm_eps,rope_scaling,rope_theta,save_on_each_node,save_only_model,save_safetensors,save_steps,save_strategy,save_total_limit,sep_token_id,skip_memory_metrics,sliding_window,suppress_tokens,task_specific_params,temperature,tf32,tf_legacy_loss,tie_encoder_decoder,tie_word_embeddings,tokenizer_class,top_k,top_p,torch_compile,torch_compile_backend,torch_compile_mode,torch_dtype,torch_empty_cache_steps,torchdynamo,torchscript,tpu_metrics_debug,tpu_num_cores,transformers_version,typical_p,use_bfloat16,use_cache,use_cpu,use_ipex,use_legacy_prediction_loop,use_liger_kernel,use_mps_device,use_sliding_window,vocab_size,warmup_ratio,warmup_steps,weight_decay
36.0,36.0,"{'benchmark': 'EleutherAI/minerva_math', 'corpus': 'fineweb-edu-dedup', 'num_benchmark_replicas_per_epoch': 1000, 'shuffle_seed': 0}","{'model_name': 'Qwen3/Qwen3-34M', 'torch_dtype': 'bfloat16'}",models/pt_language_model/mem_Qwen3-34M_minerva_math_replicas_1000_epch_1_ot_1_pt,0,"{'base_learning_rate': 1e-06, 'data_seed': 0, 'dataloader_drop_last': True, 'dataloader_num_workers': 8, 'dataloader_prefetch_factor': 4, 'eval_on_start': True, 'eval_steps': 500, 'eval_strategy': 'steps', 'gradient_checkpointing': True, 'hub_strategy': 'end', 'logging_steps': 1, 'lr_scheduler_type': 'cosine', 'max_grad_norm': 1, 'max_length': 2048, 'max_steps': -1, 'num_train_epochs': 1, 'optim': 'adamw_torch', 'overtrain_multiplier': 1, 'per_device_eval_batch_size': 16, 'per_device_train_batch_size': 16, 'remove_unused_columns': True, 'report_to': 'wandb', 'save_strategy': 'best', 'save_total_limit': 1, 'torch_compile': False, 'warmup_steps': 250, 'weight_decay': 0}",failed,6958x53a,fkvn2x9w,worldly-sweep-1,,,,,,,,,,,,,,,,,,,,,,,,,,,,,,,,,,,,,,,,,,,,,,,,,,,,,,,,,,,,,,,,,,,,,,,,,,,,,,,,,,,,,,,,,,,,,,,,,,,,,,,,,,,,,,,,,,,,,,,,,,,,,,,,,,,,,,,,,,,,,,,,,,,,,,,,,,,,,,,,,,,,,,,,,,,,,,,,,,,,,,,,,,,,,,,,,,,,,,,,,,,,,,,,,,,,,,,,,,,,,,,,,,,,,,,,,
48522.0,48522.0,"{'benchmark': 'EleutherAI/minerva_math', 'corpus': 'fineweb-edu-dedup', 'num_benchmark_replicas_per_epoch': 316, 'shuffle_seed': 0}","{'model_name': 'Qwen3/Qwen3-34M', 'torch_dtype': 'bfloat16'}",models/pt_language_model/mem_Qwen3-34M_minerva_math_replicas_316_epch_1_ot_1_pt,0,"{'base_learning_rate': 1e-06, 'data_seed': 0, 'dataloader_drop_last': True, 'dataloader_num_workers': 8, 'dataloader_prefetch_factor': 4, 'eval_on_start': True, 'eval_steps': 500, 'eval_strategy': 'steps', 'gradient_checkpointing': True, 'hub_strategy': 'end', 'logging_steps': 1, 'lr_scheduler_type': 'cosine', 'max_grad_norm': 1, 'max_length': 2048, 'max_steps': -1, 'num_train_epochs': 1, 'optim': 'adamw_torch', 'overtrain_multiplier': 1, 'per_device_eval_batch_size': 16, 'per_device_train_batch_size': 16, 'remove_unused_columns': True, 'report_to': 'wandb', 'save_strategy': 'best', 'save_total_limit': 1, 'torch_compile': False, 'warmup_steps': 250, 'weight_decay': 0}",finished,6958x53a,fa297oz4,zesty-sweep-2,5314.0,1756131921.691911,0.04599614813923836,0.0012,27.3981,182.494,11.424,1.0,0.04599614813923836,0.0012,27.3981,182.494,11.424,2356203216.0,11.923933982849121,0.0012,32.8923,152.011,9.516,0.0,2.756662760606331e+17,1.0,5299.0,0.45191124081611633,8.074010520300944e-11,2.0325,2356203216.0,48993.988,2.2952106713033844,48091.6808,38.779,0.11,"{'dispatch_batches': None, 'even_batches': True, 'gradient_accumulation_kwargs': None, 'non_blocking': False, 'split_batches': False, 'use_seedable_sampler': True}",False,0.9,0.999,1e-08,False,,False,0.0,False,False,,False,,True,False,,0.0,,0.0,True,8.0,False,True,4.0,,,,,1800.0,[],,,False,0.0,True,False,False,False,False,0.0,151643.0,,0.0,True,True,500.0,steps,False,,,,,False,auto,False,O1,[],"{'min_num_params': 0, 'xla': False, 'xla_fsdp_grad_ckpt': False, 'xla_fsdp_v2': False}",0.0,,False,22.0,True,,False,False,auto,128.0,silu,96.0,False,RylanSchaeffer/mem_Qwen3-34M_minerva_math_replicas_316_epch_1_ot_1_pt,True,,end,<HUB_TOKEN>,"{'0': 'LABEL_0', '1': 'LABEL_1'}",False,[],False,True,False,0.02,256.0,False,False,False,"{'LABEL_0': 0, 'LABEL_1': 1}",,0.0,"['full_attention', 'full_attention', 'full_attention']",0.0008341810355072812,length,1.0,,False,0.0,passive,warning,True,models/pt_language_model/mem_Qwen3-34M_minerva_math_replicas_316_epch_1_ot_1_pt/runs/Aug24_17-56-56_skampere1,False,True,1.0,steps,cosine,1.0,20.0,32768.0,-1.0,28.0,eval_loss,0.0,34057440.0,qwen3,,,False,0.0,32.0,1.0,1.0,3.0,32.0,1.0,1.0,adamw_torch,,,False,False,False,False,151646.0,-1.0,16.0,16.0,,,False,,,False,,,<PUSH_TO_HUB_TOKEN>,last,False,True,1.0,['wandb'],False,,True,False,1e-06,,10000.0,False,False,True,500.0,best,1.0,,True,,,,1.0,,False,False,False,,50.0,1.0,False,,,bfloat16,,,False,False,,4.54.1,1.0,False,True,False,False,False,False,False,False,151647.0,0.0,250.0,0.0
,,"{'benchmark': 'EleutherAI/minerva_math', 'corpus': 'fineweb-edu-dedup', 'num_benchmark_replicas_per_epoch': 316, 'shuffle_seed': 0}","{'model_name': 'Qwen3/Qwen3-93M', 'torch_dtype': 'bfloat16'}",models/pt_language_model/mem_Qwen3-93M_minerva_math_replicas_316_epch_1_ot_1_pt,0,"{'base_learning_rate': 1e-06, 'data_seed': 0, 'dataloader_drop_last': True, 'dataloader_num_workers': 8, 'dataloader_prefetch_factor': 4, 'eval_on_start': True, 'eval_steps': 250, 'eval_strategy': 'steps', 'gradient_checkpointing': True, 'hub_strategy': 'end', 'logging_steps': 1, 'lr_scheduler_type': 'cosine', 'max_grad_norm': 1, 'max_length': 2048, 'max_steps': -1, 'num_train_epochs': 1, 'optim': 'adamw_torch', 'overtrain_multiplier': 1, 'per_device_eval_batch_size': 16, 'per_device_train_batch_size': 10, 'remove_unused_columns': True, 'report_to': 'wandb', 'save_strategy': 'best', 'save_total_limit': 1, 'torch_compile': False, 'warmup_steps': 250, 'weight_decay': 0}",running,pt5s3svi,3niawgge,rare-sweep-2,,,,,,,,,,,,,,,,,,,,,,,,,,,,,,,,,,,,,,,,,,,,,,,,,,,,,,,,,,,,,,,,,,,,,,,,,,,,,,,,,,,,,,,,,,,,,,,,,,,,,,,,,,,,,,,,,,,,,,,,,,,,,,,,,,,,,,,,,,,,,,,,,,,,,,,,,,,,,,,,,,,,,,,,,,,,,,,,,,,,,,,,,,,,,,,,,,,,,,,,,,,,,,,,,,,,,,,,,,,,,,,,,,,,,,,,,
17202.119561557,17188.0,"{'benchmark': 'EleutherAI/minerva_math', 'corpus': 'fineweb-edu-dedup', 'num_benchmark_replicas_per_epoch': 32, 'shuffle_seed': 0}","{'model_name': 'Qwen3/Qwen3-34M', 'torch_dtype': 'bfloat16'}",models/pt_language_model/mem_Qwen3-34M_minerva_math_replicas_32_epch_1_ot_1_pt,0,"{'base_learning_rate': 1e-06, 'data_seed': 0, 'dataloader_drop_last': True, 'dataloader_num_workers': 8, 'dataloader_prefetch_factor': 4, 'eval_on_start': True, 'eval_steps': 500, 'eval_strategy': 'steps', 'gradient_checkpointing': True, 'hub_strategy': 'end', 'logging_steps': 1, 'lr_scheduler_type': 'cosine', 'max_grad_norm': 1, 'max_length': 2048, 'max_steps': -1, 'num_train_epochs': 1, 'optim': 'adamw_torch', 'overtrain_multiplier': 1, 'per_device_eval_batch_size': 16, 'per_device_train_batch_size': 16, 'remove_unused_columns': True, 'report_to': 'wandb', 'save_strategy': 'best', 'save_total_limit': 1, 'torch_compile': False, 'warmup_steps': 250, 'weight_decay': 0}",running,6958x53a,brlnapqa,lunar-sweep-7,1158.0,1756138198.369414,2.235783338546753,0.0006,27.9997,178.573,11.179,,,,,,,,11.923933982849121,0.0006,28.7841,173.707,10.874,0.0,,0.42058180372407394,1154.0,0.4110885262489319,0.0005922222805225223,4.6554,773385728.0,45619.805,,16939.0393,,,"{'dispatch_batches': None, 'even_batches': True, 'gradient_accumulation_kwargs': None, 'non_blocking': False, 'split_batches': False, 'use_seedable_sampler': True}",False,0.9,0.999,1e-08,False,,False,0.0,False,False,,False,,True,False,,0.0,,0.0,True,8.0,False,True,4.0,,,,,1800.0,[],,,False,0.0,True,False,False,False,False,0.0,151643.0,,0.0,True,True,500.0,steps,False,,,,,False,auto,False,O1,[],"{'min_num_params': 0, 'xla': False, 'xla_fsdp_grad_ckpt': False, 'xla_fsdp_v2': False}",0.0,,False,22.0,True,,False,False,auto,128.0,silu,96.0,False,RylanSchaeffer/mem_Qwen3-34M_minerva_math_replicas_32_epch_1_ot_1_pt,True,,end,<HUB_TOKEN>,"{'0': 'LABEL_0', '1': 'LABEL_1'}",False,[],False,True,False,0.02,256.0,False,False,False,"{'LABEL_0': 0, 'LABEL_1': 1}",,0.0,"['full_attention', 'full_attention', 'full_attention']",0.0008341810355072812,length,1.0,,False,0.0,passive,warning,True,models/pt_language_model/mem_Qwen3-34M_minerva_math_replicas_32_epch_1_ot_1_pt/runs/Aug25_04-23-18_skampere1,False,True,1.0,steps,cosine,1.0,20.0,32768.0,-1.0,28.0,eval_loss,0.0,34057440.0,qwen3,,,False,0.0,32.0,1.0,1.0,3.0,32.0,1.0,1.0,adamw_torch,,,False,False,False,False,151646.0,-1.0,16.0,16.0,,,False,,,False,,,<PUSH_TO_HUB_TOKEN>,last,False,True,1.0,['wandb'],False,,True,False,1e-06,,10000.0,False,False,True,500.0,best,1.0,,True,,,,1.0,,False,False,False,,50.0,1.0,False,,,bfloat16,,,False,False,,4.54.1,1.0,False,True,False,False,False,False,False,False,151647.0,0.0,250.0,0.0
17169.858863205,17169.0,"{'benchmark': 'EleutherAI/minerva_math', 'corpus': 'fineweb-edu-dedup', 'num_benchmark_replicas_per_epoch': 3, 'shuffle_seed': 0}","{'model_name': 'Qwen3/Qwen3-34M', 'torch_dtype': 'bfloat16'}",models/pt_language_model/mem_Qwen3-34M_minerva_math_replicas_3_epch_1_ot_1_pt,0,"{'base_learning_rate': 1e-06, 'data_seed': 0, 'dataloader_drop_last': True, 'dataloader_num_workers': 8, 'dataloader_prefetch_factor': 4, 'eval_on_start': True, 'eval_steps': 500, 'eval_strategy': 'steps', 'gradient_checkpointing': True, 'hub_strategy': 'end', 'logging_steps': 1, 'lr_scheduler_type': 'cosine', 'max_grad_norm': 1, 'max_length': 2048, 'max_steps': -1, 'num_train_epochs': 1, 'optim': 'adamw_torch', 'overtrain_multiplier': 1, 'per_device_eval_batch_size': 16, 'per_device_train_batch_size': 16, 'remove_unused_columns': True, 'report_to': 'wandb', 'save_strategy': 'best', 'save_total_limit': 1, 'torch_compile': False, 'warmup_steps': 250, 'weight_decay': 0}",running,6958x53a,7cnht79t,dandy-sweep-8,1129.0,1756138175.0445538,3.2767457962036133,0.0007,27.5861,181.251,11.346,,,,,,,,11.923933982849121,0.0007,28.6273,174.659,10.934,0.0,,0.4529151264502434,1125.0,0.36794590950012207,0.0005568617414339542,4.7253,770930480.0,45550.356,,16924.7959,,,"{'dispatch_batches': None, 'even_batches': True, 'gradient_accumulation_kwargs': None, 'non_blocking': False, 'split_batches': False, 'use_seedable_sampler': True}",False,0.9,0.999,1e-08,False,,False,0.0,False,False,,False,,True,False,,0.0,,0.0,True,8.0,False,True,4.0,,,,,1800.0,[],,,False,0.0,True,False,False,False,False,0.0,151643.0,,0.0,True,True,500.0,steps,False,,,,,False,auto,False,O1,[],"{'min_num_params': 0, 'xla': False, 'xla_fsdp_grad_ckpt': False, 'xla_fsdp_v2': False}",0.0,,False,22.0,True,,False,False,auto,128.0,silu,96.0,False,RylanSchaeffer/mem_Qwen3-34M_minerva_math_replicas_3_epch_1_ot_1_pt,True,,end,<HUB_TOKEN>,"{'0': 'LABEL_0', '1': 'LABEL_1'}",False,[],False,True,False,0.02,256.0,False,False,False,"{'LABEL_0': 0, 'LABEL_1': 1}",,0.0,"['full_attention', 'full_attention', 'full_attention']",0.0008341810355072812,length,1.0,,False,0.0,passive,warning,True,models/pt_language_model/mem_Qwen3-34M_minerva_math_replicas_3_epch_1_ot_1_pt/runs/Aug25_04-23-27_skampere1,False,True,1.0,steps,cosine,1.0,20.0,32768.0,-1.0,28.0,eval_loss,0.0,34057440.0,qwen3,,,False,0.0,32.0,1.0,1.0,3.0,32.0,1.0,1.0,adamw_torch,,,False,False,False,False,151646.0,-1.0,16.0,16.0,,,False,,,False,,,<PUSH_TO_HUB_TOKEN>,last,False,True,1.0,['wandb'],False,,True,False,1e-06,,10000.0,False,False,True,500.0,best,1.0,,True,,,,1.0,,False,False,False,,50.0,1.0,False,,,bfloat16,,,False,False,,4.54.1,1.0,False,True,False,False,False,False,False,False,151647.0,0.0,250.0,0.0
,,"{'benchmark': 'EleutherAI/minerva_math', 'corpus': 'fineweb-edu-dedup', 'num_benchmark_replicas_per_epoch': 0, 'shuffle_seed': 0}","{'model_name': 'Qwen3/Qwen3-93M', 'torch_dtype': 'bfloat16'}",models/pt_language_model/mem_Qwen3-93M_minerva_math_replicas_0_epch_1_ot_1_pt,0,"{'base_learning_rate': 1e-06, 'data_seed': 0, 'dataloader_drop_last': True, 'dataloader_num_workers': 8, 'dataloader_prefetch_factor': 4, 'eval_on_start': True, 'eval_steps': 250, 'eval_strategy': 'steps', 'gradient_checkpointing': True, 'hub_strategy': 'end', 'logging_steps': 1, 'lr_scheduler_type': 'cosine', 'max_grad_norm': 1, 'max_length': 2048, 'max_steps': -1, 'num_train_epochs': 1, 'optim': 'adamw_torch', 'overtrain_multiplier': 1, 'per_device_eval_batch_size': 16, 'per_device_train_batch_size': 10, 'remove_unused_columns': True, 'report_to': 'wandb', 'save_strategy': 'best', 'save_total_limit': 1, 'torch_compile': False, 'warmup_steps': 250, 'weight_decay': 0}",running,pt5s3svi,sbtto1gb,feasible-sweep-1,,,,,,,,,,,,,,,,,,,,,,,,,,,,,,,,,,,,,,,,,,,,,,,,,,,,,,,,,,,,,,,,,,,,,,,,,,,,,,,,,,,,,,,,,,,,,,,,,,,,,,,,,,,,,,,,,,,,,,,,,,,,,,,,,,,,,,,,,,,,,,,,,,,,,,,,,,,,,,,,,,,,,,,,,,,,,,,,,,,,,,,,,,,,,,,,,,,,,,,,,,,,,,,,,,,,,,,,,,,,,,,,,,,,,,,,,
37534.0,37534.0,"{'benchmark': 'EleutherAI/minerva_math', 'corpus': 'fineweb-edu-dedup', 'num_benchmark_replicas_per_epoch': 1, 'shuffle_seed': 0}","{'model_name': 'Qwen3/Qwen3-34M', 'torch_dtype': 'bfloat16'}",models/pt_language_model/mem_Qwen3-34M_minerva_math_replicas_1_epch_1_ot_1_pt,0,"{'base_learning_rate': 1e-06, 'data_seed': 0, 'dataloader_drop_last': True, 'dataloader_num_workers': 8, 'dataloader_prefetch_factor': 4, 'eval_on_start': True, 'eval_steps': 500, 'eval_strategy': 'steps', 'gradient_checkpointing': True, 'hub_strategy': 'end', 'logging_steps': 1, 'lr_scheduler_type': 'cosine', 'max_grad_norm': 1, 'max_length': 2048, 'max_steps': -1, 'num_train_epochs': 1, 'optim': 'adamw_torch', 'overtrain_multiplier': 1, 'per_device_eval_batch_size': 16, 'per_device_train_batch_size': 16, 'remove_unused_columns': True, 'report_to': 'wandb', 'save_strategy': 'best', 'save_total_limit': 1, 'torch_compile': False, 'warmup_steps': 250, 'weight_decay': 0}",finished,6958x53a,va88dwq2,decent-sweep-5,2475.0,1756120972.5368583,2.9982590675354004,0.0009,27.7032,180.485,11.298,1.0,2.9982590675354004,0.0009,27.7032,180.485,11.298,1690225680.0,11.923933982849121,0.0009,30.4811,164.036,10.269,0.0,1.9774958957005824e+17,1.0,2466.0,0.2215302288532257,4.191413245329279e-10,4.4124,1690225680.0,45572.57,5.298791871066994,37088.6637,23.404,0.066,"{'dispatch_batches': None, 'even_batches': True, 'gradient_accumulation_kwargs': None, 'non_blocking': False, 'split_batches': False, 'use_seedable_sampler': True}",False,0.9,0.999,1e-08,False,,False,0.0,False,False,,False,,True,False,,0.0,,0.0,True,8.0,False,True,4.0,,,,,1800.0,[],,,False,0.0,True,False,False,False,False,0.0,151643.0,,0.0,True,True,500.0,steps,False,,,,,False,auto,False,O1,[],"{'min_num_params': 0, 'xla': False, 'xla_fsdp_grad_ckpt': False, 'xla_fsdp_v2': False}",0.0,,False,22.0,True,,False,False,auto,128.0,silu,96.0,False,RylanSchaeffer/mem_Qwen3-34M_minerva_math_replicas_1_epch_1_ot_1_pt,True,,end,<HUB_TOKEN>,"{'0': 'LABEL_0', '1': 'LABEL_1'}",False,[],False,True,False,0.02,256.0,False,False,False,"{'LABEL_0': 0, 'LABEL_1': 1}",,0.0,"['full_attention', 'full_attention', 'full_attention']",0.0008341810355072812,length,1.0,,False,0.0,passive,warning,True,models/pt_language_model/mem_Qwen3-34M_minerva_math_replicas_1_epch_1_ot_1_pt/runs/Aug24_17-57-39_skampere1,False,True,1.0,steps,cosine,1.0,20.0,32768.0,-1.0,28.0,eval_loss,0.0,34057440.0,qwen3,,,False,0.0,32.0,1.0,1.0,3.0,32.0,1.0,1.0,adamw_torch,,,False,False,False,False,151646.0,-1.0,16.0,16.0,,,False,,,False,,,<PUSH_TO_HUB_TOKEN>,last,False,True,1.0,['wandb'],False,,True,False,1e-06,,10000.0,False,False,True,500.0,best,1.0,,True,,,,1.0,,False,False,False,,50.0,1.0,False,,,bfloat16,,,False,False,,4.54.1,1.0,False,True,False,False,False,False,False,False,151647.0,0.0,250.0,0.0
45875.0,45875.0,"{'benchmark': 'EleutherAI/minerva_math', 'corpus': 'fineweb-edu-dedup', 'num_benchmark_replicas_per_epoch': 100, 'shuffle_seed': 0}","{'model_name': 'Qwen3/Qwen3-34M', 'torch_dtype': 'bfloat16'}",models/pt_language_model/mem_Qwen3-34M_minerva_math_replicas_100_epch_1_ot_1_pt,0,"{'base_learning_rate': 1e-06, 'data_seed': 0, 'dataloader_drop_last': True, 'dataloader_num_workers': 8, 'dataloader_prefetch_factor': 4, 'eval_on_start': True, 'eval_steps': 500, 'eval_strategy': 'steps', 'gradient_checkpointing': True, 'hub_strategy': 'end', 'logging_steps': 1, 'lr_scheduler_type': 'cosine', 'max_grad_norm': 1, 'max_length': 2048, 'max_steps': -1, 'num_train_epochs': 1, 'optim': 'adamw_torch', 'overtrain_multiplier': 1, 'per_device_eval_batch_size': 16, 'per_device_train_batch_size': 16, 'remove_unused_columns': True, 'report_to': 'wandb', 'save_strategy': 'best', 'save_total_limit': 1, 'torch_compile': False, 'warmup_steps': 250, 'weight_decay': 0}",finished,6958x53a,ei980omv,chocolate-sweep-3,3366.0,1756129283.68259,0.41004428267478943,0.0008,27.5305,181.617,11.369,1.0,0.41004428267478943,0.0008,27.5305,181.617,11.369,2107396112.0,11.923933982849121,0.0008,30.3346,164.828,10.318,0.0,2.465568480828764e+17,1.0,3355.0,0.2582903802394867,2.1348964754051046e-10,3.5958,2107396112.0,46402.434,4.445343625527736,45415.6383,26.003,0.074,"{'dispatch_batches': None, 'even_batches': True, 'gradient_accumulation_kwargs': None, 'non_blocking': False, 'split_batches': False, 'use_seedable_sampler': True}",False,0.9,0.999,1e-08,False,,False,0.0,False,False,,False,,True,False,,0.0,,0.0,True,8.0,False,True,4.0,,,,,1800.0,[],,,False,0.0,True,False,False,False,False,0.0,151643.0,,0.0,True,True,500.0,steps,False,,,,,False,auto,False,O1,[],"{'min_num_params': 0, 'xla': False, 'xla_fsdp_grad_ckpt': False, 'xla_fsdp_v2': False}",0.0,,False,22.0,True,,False,False,auto,128.0,silu,96.0,False,RylanSchaeffer/mem_Qwen3-34M_minerva_math_replicas_100_epch_1_ot_1_pt,True,,end,<HUB_TOKEN>,"{'0': 'LABEL_0', '1': 'LABEL_1'}",False,[],False,True,False,0.02,256.0,False,False,False,"{'LABEL_0': 0, 'LABEL_1': 1}",,0.0,"['full_attention', 'full_attention', 'full_attention']",0.0008341810355072812,length,1.0,,False,0.0,passive,warning,True,models/pt_language_model/mem_Qwen3-34M_minerva_math_replicas_100_epch_1_ot_1_pt/runs/Aug24_17-57-07_skampere1,False,True,1.0,steps,cosine,1.0,20.0,32768.0,-1.0,28.0,eval_loss,0.0,34057440.0,qwen3,,,False,0.0,32.0,1.0,1.0,3.0,32.0,1.0,1.0,adamw_torch,,,False,False,False,False,151646.0,-1.0,16.0,16.0,,,False,,,False,,,<PUSH_TO_HUB_TOKEN>,last,False,True,1.0,['wandb'],False,,True,False,1e-06,,10000.0,False,False,True,500.0,best,1.0,,True,,,,1.0,,False,False,False,,50.0,1.0,False,,,bfloat16,,,False,False,,4.54.1,1.0,False,True,False,False,False,False,False,False,151647.0,0.0,250.0,0.0
38280.0,38280.0,"{'benchmark': 'EleutherAI/minerva_math', 'corpus': 'fineweb-edu-dedup', 'num_benchmark_replicas_per_epoch': 10, 'shuffle_seed': 0}","{'model_name': 'Qwen3/Qwen3-34M', 'torch_dtype': 'bfloat16'}",models/pt_language_model/mem_Qwen3-34M_minerva_math_replicas_10_epch_1_ot_1_pt,0,"{'base_learning_rate': 1e-06, 'data_seed': 0, 'dataloader_drop_last': True, 'dataloader_num_workers': 8, 'dataloader_prefetch_factor': 4, 'eval_on_start': True, 'eval_steps': 500, 'eval_strategy': 'steps', 'gradient_checkpointing': True, 'hub_strategy': 'end', 'logging_steps': 1, 'lr_scheduler_type': 'cosine', 'max_grad_norm': 1, 'max_length': 2048, 'max_steps': -1, 'num_train_epochs': 1, 'optim': 'adamw_torch', 'overtrain_multiplier': 1, 'per_device_eval_batch_size': 16, 'per_device_train_batch_size': 16, 'remove_unused_columns': True, 'report_to': 'wandb', 'save_strategy': 'best', 'save_total_limit': 1, 'torch_compile': False, 'warmup_steps': 250, 'weight_decay': 0}",finished,6958x53a,rw6a1gvx,devoted-sweep-6,2557.0,1756121730.146816,2.1795549392700195,0.0007,27.3449,182.849,11.446,1.0,2.1795549392700195,0.0007,27.3449,182.849,11.446,1733764368.0,11.923933982849121,0.0007,28.8642,173.225,10.844,0.0,2.0284344051806822e+17,1.0,2547.0,0.36072102189064026,3.9010184849486345e-10,4.4133,1733764368.0,45828.263,5.238696445050219,37831.7726,23.692,0.067,"{'dispatch_batches': None, 'even_batches': True, 'gradient_accumulation_kwargs': None, 'non_blocking': False, 'split_batches': False, 'use_seedable_sampler': True}",False,0.9,0.999,1e-08,False,,False,0.0,False,False,,False,,True,False,,0.0,,0.0,True,8.0,False,True,4.0,,,,,1800.0,[],,,False,0.0,True,False,False,False,False,0.0,151643.0,,0.0,True,True,500.0,steps,False,,,,,False,auto,False,O1,[],"{'min_num_params': 0, 'xla': False, 'xla_fsdp_grad_ckpt': False, 'xla_fsdp_v2': False}",0.0,,False,22.0,True,,False,False,auto,128.0,silu,96.0,False,RylanSchaeffer/mem_Qwen3-34M_minerva_math_replicas_10_epch_1_ot_1_pt,True,,end,<HUB_TOKEN>,"{'0': 'LABEL_0', '1': 'LABEL_1'}",False,[],False,True,False,0.02,256.0,False,False,False,"{'LABEL_0': 0, 'LABEL_1': 1}",,0.0,"['full_attention', 'full_attention', 'full_attention']",0.0008341810355072812,length,1.0,,False,0.0,passive,warning,True,models/pt_language_model/mem_Qwen3-34M_minerva_math_replicas_10_epch_1_ot_1_pt/runs/Aug24_17-57-47_skampere1,False,True,1.0,steps,cosine,1.0,20.0,32768.0,-1.0,28.0,eval_loss,0.0,34057440.0,qwen3,,,False,0.0,32.0,1.0,1.0,3.0,32.0,1.0,1.0,adamw_torch,,,False,False,False,False,151646.0,-1.0,16.0,16.0,,,False,,,False,,,<PUSH_TO_HUB_TOKEN>,last,False,True,1.0,['wandb'],False,,True,False,1e-06,,10000.0,False,False,True,500.0,best,1.0,,True,,,,1.0,,False,False,False,,50.0,1.0,False,,,bfloat16,,,False,False,,4.54.1,1.0,False,True,False,False,False,False,False,False,151647.0,0.0,250.0,0.0
37549.0,37549.0,"{'benchmark': 'EleutherAI/minerva_math', 'corpus': 'fineweb-edu-dedup', 'num_benchmark_replicas_per_epoch': 0, 'shuffle_seed': 0}","{'model_name': 'Qwen3/Qwen3-34M', 'torch_dtype': 'bfloat16'}",models/pt_language_model/mem_Qwen3-34M_minerva_math_replicas_0_epch_1_ot_1_pt,0,"{'base_learning_rate': 1e-06, 'data_seed': 0, 'dataloader_drop_last': True, 'dataloader_num_workers': 8, 'dataloader_prefetch_factor': 4, 'eval_on_start': True, 'eval_steps': 500, 'eval_strategy': 'steps', 'gradient_checkpointing': True, 'hub_strategy': 'end', 'logging_steps': 1, 'lr_scheduler_type': 'cosine', 'max_grad_norm': 1, 'max_length': 2048, 'max_steps': -1, 'num_train_epochs': 1, 'optim': 'adamw_torch', 'overtrain_multiplier': 1, 'per_device_eval_batch_size': 16, 'per_device_train_batch_size': 16, 'remove_unused_columns': True, 'report_to': 'wandb', 'save_strategy': 'best', 'save_total_limit': 1, 'torch_compile': False, 'warmup_steps': 250, 'weight_decay': 0}",finished,6958x53a,hifv8o6q,gallant-sweep-4,2467.0,1756120964.5556536,5.55318021774292,0.0008,27.7999,179.857,11.259,1.0,5.55318021774292,0.0008,27.7999,179.857,11.259,1685710416.0,11.923933982849121,0.0008,30.062,166.323,10.412,0.0,1.972213218876027e+17,1.0,2458.0,0.7665961980819702,4.22184082259157e-10,4.5387,1685710416.0,45440.748,5.302902470379947,37096.8904,23.315,0.066,"{'dispatch_batches': None, 'even_batches': True, 'gradient_accumulation_kwargs': None, 'non_blocking': False, 'split_batches': False, 'use_seedable_sampler': True}",False,0.9,0.999,1e-08,False,,False,0.0,False,False,,False,,True,False,,0.0,,0.0,True,8.0,False,True,4.0,,,,,1800.0,[],,,False,0.0,True,False,False,False,False,0.0,151643.0,,0.0,True,True,500.0,steps,False,,,,,False,auto,False,O1,[],"{'min_num_params': 0, 'xla': False, 'xla_fsdp_grad_ckpt': False, 'xla_fsdp_v2': False}",0.0,,False,22.0,True,,False,False,auto,128.0,silu,96.0,False,RylanSchaeffer/mem_Qwen3-34M_minerva_math_replicas_0_epch_1_ot_1_pt,True,,end,<HUB_TOKEN>,"{'0': 'LABEL_0', '1': 'LABEL_1'}",False,[],False,True,False,0.02,256.0,False,False,False,"{'LABEL_0': 0, 'LABEL_1': 1}",,0.0,"['full_attention', 'full_attention', 'full_attention']",0.0008341810355072812,length,1.0,,False,0.0,passive,warning,True,models/pt_language_model/mem_Qwen3-34M_minerva_math_replicas_0_epch_1_ot_1_pt/runs/Aug24_17-57-12_skampere1,False,True,1.0,steps,cosine,1.0,20.0,32768.0,-1.0,28.0,eval_loss,0.0,34057440.0,qwen3,,,False,0.0,32.0,1.0,1.0,3.0,32.0,1.0,1.0,adamw_torch,,,False,False,False,False,151646.0,-1.0,16.0,16.0,,,False,,,False,,,<PUSH_TO_HUB_TOKEN>,last,False,True,1.0,['wandb'],False,,True,False,1e-06,,10000.0,False,False,True,500.0,best,1.0,,True,,,,1.0,,False,False,False,,50.0,1.0,False,,,bfloat16,,,False,False,,4.54.1,1.0,False,True,False,False,False,False,False,False,151647.0,0.0,250.0,0.0
